,Number missing,Pers,LR,Lasso,Ridge,LAD,NN,FA-FIXED-LR,FA-FIXED-LDR-LR,FA-FIXED-NN,FA-FIXED-LDR-NN,FA-LEARN-LDR-LR-10,FA-LEARN-LDR-LR-1,FA-LEARN-LDR-LR-2,FA-LEARN-LDR-LR-5,FA-LEARN-LDR-LR-20,FA-LEARN-LDR-NN-10,FA-LEARN-LDR-NN-1,FA-LEARN-LDR-NN-2,FA-LEARN-LDR-NN-5,FA-LEARN-LDR-NN-20,FA-LEARN-LR-10,FA-LEARN-LR-1,FA-LEARN-LR-2,FA-LEARN-LR-5,FA-LEARN-LR-20,FA-LEARN-NN-10,FA-LEARN-NN-1,FA-LEARN-NN-2,FA-LEARN-NN-5,FA-LEARN-NN-20,Count
0,0,0.1551314124940661,0.12121731478584526,0.12126240795368778,0.1214997653112018,0.12799473761503297,0.11686427702715697,0.12196088057965937,0.12196088057965937,0.11856241097211839,0.11866078695843317,0.12196088057965937,0.12196088057965937,0.12196088057965937,0.12196088057965937,0.12196088057965937,0.11854030256194281,0.11913122557647937,0.12053881851494407,0.11851990379979799,0.11840531191143329,0.12196088057965937,0.12196088057965937,0.12196088057965937,0.12196088057965937,0.12196088057965937,0.11805756799114996,0.1192282440910842,0.11875204985978886,0.11802320534596861,0.1180172039243097,20531
