,Pers,LR,Lasso,Ridge,LAD,NN,FA-FIXED-LR,FA-FIXED-LDR-LR,FA-FIXED-NN,FA-FIXED-LDR-NN,FA-LEARN-LDR-LR-10,FA-LEARN-LDR-NN-10,FA-LEARN-LR-10,FA-LEARN-NN-10,iteration,percentage
0,0.30816635136577886,0.18979864113540718,0.18961816907593348,0.18961125841877477,0.1956067932840659,0.16194744661383856,0.2002933310286612,0.1976063652456298,0.16185584893643792,0.17074839453857263,0.19279540220651872,0.16094254908700714,0.1951619426127458,0.15956115720512745,0,0
0,0.3077036237244093,0.19081772616792747,0.19068458552721698,0.19063943990387397,0.1970209482429018,0.16349083402963477,0.20109037236803617,0.19635824413136752,0.16143209123478292,0.17036202826487035,0.19297428916795867,0.1601589373550901,0.1958241765121413,0.1592709583899053,1,0
0,0.30709073347637705,0.18959323545127005,0.1894403836137607,0.18944034704153845,0.19545157813375133,0.16317771965040254,0.20152050148642733,0.19662626715379375,0.1614902752440707,0.16775873774811942,0.19335744796988638,0.1591292356408594,0.19649608595612203,0.15893237054438558,2,0
0,0.306865522232488,0.18999152512682047,0.1898420799707067,0.18981682054999238,0.19598644949181135,0.1619837734656447,0.20147868264372368,0.1966593050936583,0.16224228499275525,0.16875465442197032,0.19289867809765177,0.15998640834692568,0.19670005229851908,0.1595227766332559,3,0
0,0.3079154738264946,0.18981178681202868,0.18962753557721448,0.1895954056054849,0.19595805001622718,0.1629786002501148,0.20012741858986033,0.19674900287449587,0.159565964245702,0.1684544647269219,0.19281546434841418,0.15994823329296393,0.19545170007623197,0.15906469057892483,4,0
