,Pers,LR,Lasso,Ridge,LAD,NN,FA-FIXED-LR,FA-FIXED-LDR-LR,FA-FIXED-NN,FA-FIXED-LDR-NN,FA-LEARN-LDR-LR-10,FA-LEARN-LDR-NN-10,FA-LEARN-LR-10,FA-LEARN-NN-10,iteration,percentage
0,0.20769696583162364,0.1527233750781995,0.15273828268864692,0.15281110295701525,0.14345562363898162,0.1150441659151228,0.15829933960750844,0.1571377407029497,0.11374348259504667,0.11872220616490946,0.15242927039143256,0.11491156948629551,0.15626409073700578,0.11272442046678842,0,0
0,0.2072991350218593,0.15248705655794093,0.15254131311161115,0.1526494380415072,0.14308862819456952,0.11543832039250393,0.15785950474686525,0.15656639361299743,0.11534723156130965,0.12000505052143201,0.15181820293765605,0.11504504276532614,0.156296010675637,0.1129263757952772,1,0
0,0.2071419157641231,0.15209363815984478,0.15209115168986434,0.15218051362820914,0.14320335717804447,0.11396728892353537,0.15889201468619416,0.15617454788727395,0.11520933414141211,0.11854132447704399,0.15199860909862956,0.1153733888667485,0.15645161270957195,0.11415835307114909,2,0
0,0.20748057306516263,0.15205716047061724,0.15206486252912252,0.15215942555935924,0.14317306123535017,0.11511399782825109,0.1589958386631544,0.15658127968960003,0.11500345002541024,0.12000228919259018,0.1520584122596451,0.11513968925349766,0.15739358464618203,0.11374415289880556,3,0
0,0.20663522452510077,0.15269911195175329,0.15268780521646033,0.15274407972878656,0.1436549934564342,0.11617029348695994,0.15933145016112776,0.15733184029703356,0.11359645598159693,0.11880341549339199,0.15232840606963155,0.11499164852874844,0.15635725335031933,0.11299670240802946,4,0
