,Pers,LR,Lasso,Ridge,LAD,NN,FA-FIXED-LR,FA-FIXED-LDR-LR,FA-FIXED-NN,FA-FIXED-LDR-NN,FA-LEARN-LDR-LR-10,FA-LEARN-LDR-NN-10,FA-LEARN-LR-10,FA-LEARN-NN-10,iteration,percentage
0,0.24125181994685896,0.17059908483415037,0.17074580091969194,0.17041352244626873,0.17718166605951496,0.15087641335478144,0.18631436528826814,0.17463112812527798,0.15369442207327552,0.1552637349339861,0.1722806708650308,0.15072609819212546,0.17743430735296398,0.15225518031477092,0,0
0,0.24210650736313116,0.17060390085368907,0.17087030456187166,0.17044268207037724,0.17723390853338153,0.15064444278693154,0.18964781100163713,0.17444884328424973,0.15587211581222843,0.15657389447051628,0.172489634200831,0.15094199469027578,0.1774832475884335,0.1526191151446916,1,0
0,0.24080402803965392,0.17016091643374456,0.17041951789875998,0.16998292641949844,0.17626336304869056,0.15097645006987243,0.18627527183621084,0.1739168489452525,0.15538298131920744,0.1558553079229162,0.17173139546127095,0.1507505473202679,0.17671626908989388,0.15248611096289508,2,0
0,0.24017656102657572,0.16949110506248127,0.16965696681384326,0.1693070014285206,0.1755855296329475,0.1496865188691997,0.1878959238905717,0.17397152437733548,0.15504232255263267,0.15596441261267086,0.17220088761922167,0.15068959326541614,0.17709983115595423,0.1525656029960271,3,0
0,0.24103220603812503,0.16949256349072273,0.16967556455462576,0.16931969075968734,0.1758651553488438,0.1501490507810521,0.18549669050345788,0.17479060356910625,0.1543213399818245,0.15472781160479598,0.17187504849707883,0.15043340378087386,0.17679119957598008,0.15200336852121074,4,0
