,Pers,LR,Lasso,Ridge,LAD,NN,FA-FIXED-LR,FA-FIXED-LDR-LR,FA-FIXED-NN,FA-FIXED-LDR-NN,FA-LEARN-LDR-LR-10,FA-LEARN-LDR-NN-10,FA-LEARN-LR-10,FA-LEARN-NN-10,iteration,percentage
0,0.3145749332194324,0.19059861381688387,0.19040772104376832,0.19039339180890663,0.19649986126979713,0.16414217222378405,0.19865954213102519,0.19805416134966428,0.1597734615326783,0.16776147242836972,0.19306826122246878,0.16085382872685097,0.19515598640146906,0.15961084854949648,0,0
0,0.3098681994162827,0.19084252875925709,0.19063251873870887,0.19058082269099683,0.19712497507765567,0.16259728012864127,0.20066254893316895,0.1970562221698167,0.16140797749116326,0.16745048544821262,0.19281743123895514,0.16032466759782238,0.19551039443915727,0.1590091708442171,1,0
0,0.31054376124164,0.19061303593854956,0.19046220867996588,0.190458497250886,0.19619177108047828,0.16405238669121772,0.20095886750668854,0.19680653398792136,0.16238656606861412,0.16914097671624465,0.19301896292955223,0.15970324972456687,0.19668586429844037,0.15997320737208673,2,0
0,0.30883072208554163,0.19045064341196322,0.19030512106578062,0.19029261623382793,0.19625076213575007,0.16293843397425875,0.2007672267864518,0.19678616661201345,0.16000626257121378,0.16582456805157367,0.19304120472729835,0.15905493070106694,0.19582320032014222,0.1585754516300828,3,0
0,0.3131214970215584,0.19026407857643676,0.1900703211718935,0.1900609767347066,0.19591167415157568,0.16269215612465598,0.2011273582931495,0.19624456992666042,0.16056851294913393,0.1704417805657531,0.19216531142802737,0.16077846382000233,0.1957695446151615,0.16002694942419568,4,0
