,Pers,LR,Lasso,Ridge,LAD,NN,FA-FIXED-LR,FA-FIXED-LDR-LR,FA-FIXED-NN,FA-FIXED-LDR-NN,FA-LEARN-LDR-LR-10,FA-LEARN-LDR-NN-10,FA-LEARN-LR-10,FA-LEARN-NN-10,iteration,percentage
0,0.0974160486209659,0.08634846843782917,0.08623375730206626,0.08640751362252601,0.08179041620692983,0.07806542670633451,0.10709459163219796,0.08986639579472049,0.08755269126310422,0.08405397627195733,0.08437386688238958,0.08244653784395542,0.09155315679359319,0.08445029142143479,0,0
0,0.09624899354521063,0.08449088778258129,0.08438634598309999,0.08458414628323899,0.07979857952279475,0.07724608070601874,0.10422460202012493,0.08943083068587918,0.08519569837568679,0.08249960466771976,0.08430288404611415,0.08033093028210472,0.09000526934846789,0.08283698973364363,1,0
0,0.09784628063688679,0.08550372502326029,0.08535753958483734,0.08554835141846821,0.08087780794064986,0.07795897194641845,0.10514036573772736,0.08994775203300288,0.0858871774071039,0.08213064351469956,0.0848169615294554,0.08183087649631007,0.09221600727922222,0.08406089313518138,2,0
0,0.09678225172945637,0.08528997137664869,0.08519790260823105,0.08537046479370537,0.08065460096732847,0.07717227124096167,0.10637547899681626,0.08937358431768053,0.08661101774516555,0.08306552209189098,0.08453050418931553,0.08195496987179557,0.09077500437340055,0.08421702473444864,3,0
0,0.09670492892503661,0.08584542950646216,0.08573593617888514,0.08589437588220639,0.08091219337463748,0.0781294139728039,0.10547177236575081,0.09033743593901751,0.08747788300619373,0.0841321837047581,0.08452306795161693,0.08218661293218803,0.09177924633862584,0.08476671856081675,4,0
