,Pers,LR,Lasso,Ridge,LAD,NN,FA-FIXED-LR,FA-FIXED-LDR-LR,FA-FIXED-NN,FA-FIXED-LDR-NN,FA-LEARN-LDR-LR-10,FA-LEARN-LDR-NN-10,FA-LEARN-LR-10,FA-LEARN-NN-10,iteration,percentage
0,0.3018157627358165,0.18911714352589507,0.18904089566248325,0.18906164044286028,0.19403051713854388,0.16064213796513757,0.1992929149390746,0.19601927876449585,0.1578699457158769,0.16559993617614818,0.1922607829643221,0.1589956336004138,0.19326456701271308,0.15791623204512112,0,0
0,0.30124164366731343,0.1887436083085361,0.1886881232610588,0.18873662818238973,0.19338823146346834,0.16163542643148424,0.1985348206234723,0.19519388722108877,0.15975474838101725,0.1666580727762053,0.19151063807298793,0.15882522029081056,0.19296678936673545,0.15739483618346425,1,0
0,0.3008593881190383,0.18867749314616047,0.18860061961806096,0.18865086759861946,0.19376471732808428,0.15867700389259826,0.19925185524122882,0.19472111656665406,0.1604879968373254,0.16595430177674755,0.19189192304645045,0.1597642192346277,0.19319907239031786,0.1593127320834738,2,0
0,0.30188601980356755,0.18858721153945712,0.18849776325560977,0.18854840888493116,0.1937410493337101,0.16109757030505342,0.19906216671692425,0.1949098512162682,0.15969055613658306,0.16795634042912513,0.19205805718264873,0.15886583632155354,0.19451835305327808,0.15874736435504264,3,0
0,0.3005195809730165,0.18923361592511065,0.1891286973220161,0.189104832947803,0.19434055066762843,0.16239899058819215,0.20011632067962376,0.19620869823818063,0.15819467398409384,0.16620318327987949,0.19216620711076798,0.15890494426446014,0.19324901931965796,0.15816239355880002,4,0
