,Pers,LR,Lasso,Ridge,LAD,NN,FA-FIXED-LR,FA-FIXED-LDR-LR,FA-FIXED-NN,FA-FIXED-LDR-NN,FA-LEARN-LDR-LR-10,FA-LEARN-LDR-NN-10,FA-LEARN-LR-10,FA-LEARN-NN-10,iteration,percentage
0,0.04676538001310853,0.038746452529333446,0.03839948585247307,0.03865904690484347,0.040107213066070506,0.038436528980866996,0.08739019417566717,0.054451851070074685,0.056624358223005,0.04814019680189727,0.03202110837111749,0.03487977124923812,0.039724235060679645,0.03605158423039211,0,0
0,0.045518060406727595,0.03760243834971199,0.037192903378400595,0.037500513763996185,0.03881154153147227,0.03700276736940373,0.08464968893565158,0.05424921880323999,0.056349385446597254,0.04865549050915968,0.03179115001935013,0.03442024823588255,0.04013272023514526,0.03615218344303486,1,0
0,0.04162154659497785,0.033911388643608736,0.033606885349336785,0.03385251540289735,0.03452519811122858,0.034948985266442835,0.08608160508260781,0.054612410834344795,0.05647708396829976,0.04909261376389128,0.031642588680261,0.034773001397450126,0.040504844633343105,0.03607837150026672,2,0
0,0.04721851171165369,0.03860695108567517,0.03822000496740619,0.03850259221305915,0.040143487426154534,0.038581559360412826,0.09887411105738624,0.056098728103822444,0.061547915202696396,0.04896671888185967,0.0313567270788413,0.03481653935827644,0.03887179509896327,0.036153489650876024,3,0
0,0.047279874107455266,0.039087350778950994,0.038757096858832725,0.039005528477138285,0.04038581502264996,0.03901392494563268,0.09427096825627077,0.056038475505019864,0.057733513247170944,0.04964774740655586,0.03199564135017795,0.03544557532197332,0.03928488537555855,0.03667322872143137,4,0
