,Pers,LR,Lasso,Ridge,LAD,NN,FA-FIXED-LR,FA-FIXED-LDR-LR,FA-FIXED-NN,FA-FIXED-LDR-NN,FA-LEARN-LDR-LR-10,FA-LEARN-LDR-NN-10,FA-LEARN-LR-10,FA-LEARN-NN-10,iteration,percentage
0,0.06092175896167019,0.052063104842843023,0.05169633624305857,0.051930300820741813,0.04974923770721733,0.052920501592970536,0.07287532084070462,0.05917969712786485,0.06299893447710034,0.05729541057587232,0.052208841767214346,0.05466484772097335,0.057996518763013614,0.05495102452766394,0,0
0,0.05946634055659524,0.05100962241989316,0.050721981996833046,0.0509179189231395,0.048424176754654935,0.051401468337305356,0.07389659883275847,0.05821050651129276,0.06399599226090978,0.05616993333751534,0.052029818828931505,0.05391231490287951,0.0575089744092099,0.0544196231550051,1,0
0,0.06024567107542581,0.051660488618012854,0.05136840886358921,0.05163495845566247,0.0490835724367132,0.05246904222493907,0.07235074628968322,0.05886376466857588,0.06271941127678206,0.05662486229808564,0.051803583957771626,0.05448650986259556,0.058144080172446634,0.05431356296495483,2,0
0,0.05964461027896666,0.05142207567004921,0.05115500002758982,0.05142079923917245,0.04873249621372984,0.05232244061102352,0.07523811932585518,0.059117541455251006,0.06396632545587173,0.057017177458839746,0.052115671087834534,0.05422061562897165,0.05737584363872775,0.0541328732695115,3,0
0,0.05933842913806208,0.051812892946678756,0.05147337918272066,0.0516491337100692,0.04922864964621412,0.05212395203595634,0.0753516948395924,0.06010157559456498,0.0659124227998468,0.05761486322135311,0.05243302039723718,0.055056475025692185,0.058208506547432544,0.054814260957911067,4,0
