,Pers,LR,Lasso,Ridge,LAD,NN,FA-FIXED-LR,FA-FIXED-LDR-LR,FA-FIXED-NN,FA-FIXED-LDR-NN,FA-LEARN-LDR-LR-10,FA-LEARN-LDR-NN-10,FA-LEARN-LR-10,FA-LEARN-NN-10,iteration,percentage
0,0.16060906005004968,0.12623968640746372,0.12607724875058726,0.1260487373189007,0.13306606738205637,0.12068357372056275,0.16083571255792692,0.13011233275941095,0.13023242260296025,0.12602534244981656,0.1255155619412222,0.12586779639426343,0.13405536302844517,0.1271872925768061,0,0
0,0.15842785643806898,0.12355434894545116,0.12340991555599157,0.12346097588165802,0.13022373146509508,0.11953798662129761,0.15578587379656925,0.12940183224611818,0.12715797516568447,0.12376565953342218,0.12451122057037227,0.12207706191613969,0.1316379631158495,0.12443117204668797,1,0
0,0.1615166939269781,0.12469510606710733,0.1244794163075012,0.12452517741692798,0.13133502163901864,0.12074677310928497,0.1562958429879241,0.1302717619644863,0.12867246555549094,0.12383817183998731,0.1255033189424824,0.1246971744666976,0.13562115612920767,0.12708791997405344,2,0
0,0.15988687282369124,0.12498195047637232,0.12482011714180372,0.12485097793264573,0.13169583303017537,0.11982954766961124,0.15807755406941312,0.12987603453034852,0.1291752751416718,0.12485133432780164,0.12549473736293013,0.12464285929706957,0.1340281477635914,0.12663183956262594,3,0
0,0.1595611948007803,0.12561305983581172,0.12542987571039887,0.12543401177069227,0.13212663897589916,0.12114116477503939,0.1583708865670681,0.13074482224452108,0.13070845364563083,0.12622536453628871,0.125739720019379,0.12547663903137785,0.13543706724967766,0.1281261323405998,4,0
