,Pers,LR,Lasso,Ridge,LAD,NN,FA-FIXED-LR,FA-FIXED-LDR-LR,FA-FIXED-NN,FA-FIXED-LDR-NN,FA-LEARN-LDR-LR-10,FA-LEARN-LDR-NN-10,FA-LEARN-LR-10,FA-LEARN-NN-10,iteration,percentage
0,0.21173081128743756,0.15289910172447227,0.15284720516718686,0.15291069973382185,0.14427254378094076,0.11581056091366157,0.16182623730248216,0.15860487586265654,0.11530654051200909,0.12252513388330735,0.1535966696411252,0.11535885190433756,0.16200653949008645,0.1143840414093924,0,0
0,0.2115462219174039,0.1537417009355757,0.15373257552063424,0.1537820532348551,0.14519997289967787,0.11764038975490092,0.1622989275177674,0.15754745077583876,0.11579948583288723,0.12347492495367195,0.15351704753735057,0.11493197896923099,0.16238294179631102,0.1142449049502845,1,0
0,0.21145938300036524,0.15247376090530235,0.15244146699477523,0.15251974833127244,0.14375858122806778,0.11717878365123499,0.16239086285686402,0.1576597059022968,0.11479046411784319,0.12109412125539336,0.15377675024402895,0.11368177889224736,0.1628859816034754,0.11339662154939396,2,0
0,0.21125977992840972,0.15307445318204074,0.15305303418802937,0.15309608040410438,0.1443721130863027,0.11548646240930575,0.16247851893671006,0.15770108173873507,0.11576891126634509,0.12181226262958793,0.15372134989454542,0.11447050451354662,0.16296670376998312,0.11393740550873391,3,0
0,0.21167155372115898,0.1528707666366266,0.1527952192672423,0.15284431054273578,0.14446635024928858,0.11561988347619646,0.161484639325713,0.15811502512425182,0.11372653309064899,0.12118578120983327,0.15337284295560527,0.11475105791854492,0.1623747380986075,0.1134788301136378,4,0
