,Pers,LR,Lasso,Ridge,LAD,NN,FA-FIXED-LR,FA-FIXED-LDR-LR,FA-FIXED-NN,FA-FIXED-LDR-NN,FA-LEARN-LDR-LR-10,FA-LEARN-LDR-LR-1,FA-LEARN-LDR-LR-2,FA-LEARN-LDR-LR-5,FA-LEARN-LDR-LR-20,FA-LEARN-LDR-NN-10,FA-LEARN-LR-10,FA-LEARN-NN-10,iteration,percentage
0,0.1638337742537459,0.13208034716216666,0.13244133196407457,0.13201893622280406,0.12577590762361518,0.10577940845490344,0.14515041683954494,0.13614551484737933,0.10798134072279329,0.11512051750343459,0.131655927298384,0.131655927298384,0.131655927298384,0.131655927298384,0.131655927298384,0.10746778397226761,0.14338445414996984,0.10863916839173797,0,0
0,0.16567761897743652,0.13301714365392012,0.13340268267148905,0.13294126672956655,0.12679541916484594,0.10733922030661008,0.14729596881201218,0.13722695654614964,0.10883791489828432,0.11601935552438485,0.13184298830111632,0.13184298830111632,0.13184298830111632,0.13184298830111632,0.13184298830111632,0.10780692934812508,0.14303256289879868,0.10853946759115575,1,0
0,0.16662001031169768,0.1320616674409157,0.13245149150405283,0.13200712171939552,0.12565645323394642,0.10623376330113658,0.14474408066412914,0.13627997404047726,0.1088426218501542,0.11451208122660333,0.1309563864813002,0.1309563864813002,0.1309563864813002,0.1309563864813002,0.1309563864813002,0.10765145464817463,0.14310417170137976,0.1085786586231654,2,0
0,0.16727746630651597,0.13234505914194303,0.13280668701175313,0.1323239959244241,0.12584993268348116,0.10711105881888631,0.14529606160546743,0.13506036642352787,0.1095480363835147,0.11533804428359962,0.13139548354758807,0.13139548354758807,0.13139548354758807,0.13139548354758807,0.13139548354758807,0.10729690739911298,0.14314493608232826,0.1089204500919145,3,0
0,0.16710569418404325,0.13313627886991197,0.1334440438739063,0.1329915932964325,0.1274656628544,0.10635654383837628,0.1462609842825856,0.1362995736531208,0.10863271617586504,0.11375516686035557,0.13166047784818588,0.13166047784818588,0.13166047784818588,0.13166047784818588,0.13166047784818588,0.10729358143141074,0.14390428741061484,0.10844354260568344,4,0
