,Pers,LR,Lasso,Ridge,LAD,NN,FA-FIXED-LR,FA-FIXED-LDR-LR,FA-FIXED-NN,FA-FIXED-LDR-NN,FA-LEARN-LDR-LR-10,FA-LEARN-LDR-NN-10,FA-LEARN-LR-10,FA-LEARN-NN-10,iteration,percentage
0,0.217094510633356,0.1535499225205583,0.1535114681290078,0.15358186965745277,0.1448533426346341,0.11770779199532308,0.16010487272923063,0.1583388978433931,0.11377341925045757,0.12078684931181817,0.15362121743496046,0.11511385677224786,0.16155740436467106,0.11419621083883498,0,0
0,0.21383572164217857,0.1534202375646982,0.15336092799450038,0.15339122389630755,0.14507391127182476,0.116308055870461,0.16109864346591046,0.1583797642364203,0.11471410667633515,0.12078292502233215,0.1535598170520493,0.11460377087870445,0.16200090548447732,0.11349585627950735,1,0
0,0.2138744003005172,0.15347539238144464,0.15344399386564372,0.15351008633991353,0.14457252539591908,0.11712630445617503,0.1618747943049013,0.1581669074649055,0.11598097958716906,0.12149347382091462,0.15348772314201425,0.11354700610246199,0.16264215474633412,0.11403762495231824,2,0
0,0.2126795130015996,0.1531510474997181,0.15313596761415385,0.15320661384181966,0.14425617004294852,0.11635998629435268,0.16166396838493358,0.15791265271069718,0.11397709252217732,0.11998058417797226,0.15343523020604222,0.11377608483635607,0.16219793823167555,0.11367182788024582,3,0
0,0.21579135200752722,0.15317768346277197,0.15313544191663597,0.15321037147649727,0.14422575725495113,0.11628729358200109,0.16213487611615987,0.1580622542094207,0.11401944310100808,0.1227760713239514,0.15298108833820706,0.11536167046991637,0.16210971212682612,0.1147461401242924,4,0
