,Pers,LR,Lasso,Ridge,LAD,NN,FA-FIXED-LR,FA-FIXED-LDR-LR,FA-FIXED-NN,FA-FIXED-LDR-NN,FA-LEARN-LDR-LR-10,FA-LEARN-LDR-LR-1,FA-LEARN-LDR-LR-2,FA-LEARN-LDR-LR-5,FA-LEARN-LDR-LR-20,FA-LEARN-LDR-NN-10,FA-LEARN-LR-10,FA-LEARN-NN-10,iteration,percentage
0,0.13174745759338485,0.10122624409803198,0.10066786317999118,0.10057115078892254,0.10838689706521412,0.09887491471445146,0.1274238011389894,0.09887056359951506,0.10703402280492191,0.09374865235719791,0.08925945062292243,0.08925945062292243,0.08925945062292243,0.08925945062292243,0.08925945062292243,0.09114655773980265,0.11229559304671656,0.0930600183030106,0,0
0,0.13808464360231745,0.10465950187663707,0.10409512639925196,0.10397818751995876,0.11280860963586836,0.10149465262903527,0.1307982677494483,0.10051953909388335,0.1042420544618167,0.09306436924042652,0.08984791821837239,0.08984791821837239,0.08984791821837239,0.08984791821837239,0.08984791821837239,0.09287109319312527,0.11263198385550219,0.09443366370265649,1,0
0,0.13204483625805408,0.10003728233204905,0.09948005463251386,0.09948328436754998,0.10702400539265582,0.10027405238030036,0.12811575311101586,0.09913012447835565,0.1064782659508704,0.09482241859242681,0.08942255086627128,0.08942255086627128,0.08942255086627128,0.08942255086627128,0.08942255086627128,0.09302177073087359,0.11268178798517063,0.09381363149305519,2,0
0,0.1290704777102278,0.09778336141938135,0.0972930281620846,0.09725719493953422,0.10443798770079074,0.09712885170129007,0.12625328367084965,0.09876650130688855,0.10165556627995272,0.0928404094215085,0.08875269205174857,0.08875269205174857,0.08875269205174857,0.08875269205174857,0.08875269205174857,0.09063970090269081,0.11160519144765359,0.09288751716669838,3,0
0,0.13800882096067932,0.10194157040015306,0.10128320403609997,0.10123998624796372,0.11061803737176476,0.10055616225557222,0.13187141173168132,0.10070840287744165,0.10608131604933917,0.09370048113871035,0.08929997823758946,0.08929997823758946,0.08929997823758946,0.08929997823758946,0.08929997823758946,0.09119937822885486,0.11141257197510394,0.0924696179909825,4,0
