,Pers,LR,Lasso,Ridge,LAD,NN,FA-FIXED-LR,FA-FIXED-LDR-LR,FA-FIXED-NN,FA-FIXED-LDR-NN,FA-LEARN-LDR-LR-10,FA-LEARN-LDR-LR-1,FA-LEARN-LDR-LR-2,FA-LEARN-LDR-LR-5,FA-LEARN-LDR-LR-20,FA-LEARN-LDR-NN-10,FA-LEARN-LR-10,FA-LEARN-NN-10,iteration,percentage
0,0.10542885909978673,0.09036203470719611,0.09016659902579971,0.09028486914543359,0.08768917292188277,0.08269082513092864,0.11407063874337935,0.09551292033793367,0.08890859433604945,0.0880379490690455,0.08958327895161869,0.08958327895161869,0.08958327895161869,0.08958327895161869,0.08958327895161869,0.08719208251534405,0.10276067010235086,0.08696179311440351,0,0
0,0.10778101694781846,0.09066903492554276,0.09048903839176793,0.09060423324508673,0.08787355727745924,0.08363039134606155,0.11550677076115151,0.09552951381687133,0.08844795989316377,0.08907540136828075,0.08978235401615381,0.08978235401615381,0.08978235401615381,0.08978235401615381,0.08978235401615381,0.08662349696485669,0.10195510688784654,0.08653462906088683,1,0
0,0.1068500470318276,0.09082521828647604,0.09062187605297485,0.09065418652435428,0.08824283587339102,0.08321460291252769,0.11708052104425799,0.09503575723003836,0.09121004958847692,0.08925080817832477,0.08981892651983171,0.08981892651983171,0.08981892651983171,0.08981892651983171,0.08981892651983171,0.08690824024399384,0.10226660391022921,0.08711982128276688,2,0
0,0.1075908219486866,0.09014133768772363,0.08987660847190182,0.08994289182529712,0.08755256758829233,0.08292688675772826,0.11460763912102463,0.09516730283806721,0.08886180696519708,0.08796465338009436,0.08935006128170901,0.08935006128170901,0.08935006128170901,0.08935006128170901,0.08935006128170901,0.08667658642123638,0.10186768714757735,0.08641143499191253,3,0
0,0.10792574728560032,0.09093031463806552,0.09067800765232466,0.09073169413193223,0.08803418437464522,0.08390974869110131,0.11496297471857303,0.09540910224886327,0.08931943718642693,0.08807875741190066,0.08992138650741917,0.08992138650741917,0.08992138650741917,0.08992138650741917,0.08992138650741917,0.08753659572632326,0.10259986767692116,0.08700986819065824,4,0
