,Pers,LR,Lasso,Ridge,LAD,NN,FA-FIXED-LR,FA-FIXED-LDR-LR,FA-FIXED-NN,FA-FIXED-LDR-NN,FA-LEARN-LDR-LR-10,FA-LEARN-LDR-NN-10,FA-LEARN-LR-10,FA-LEARN-NN-10,iteration,percentage
0,0.10691063715776956,0.08560656225248084,0.08523395645695012,0.08536921727049726,0.08872815508154723,0.08856067514861664,0.11710939487990298,0.09338857701549871,0.0984989883224677,0.08967282773572498,0.08393181177878761,0.08977320930620336,0.09442879812113147,0.09083142658397986,0,0
0,0.10448163817306241,0.0840351947694125,0.08376685083542955,0.08390598828907808,0.08697391538505131,0.08611016425030335,0.12063348254851866,0.0910163163119715,0.10049091790440344,0.08860310073375165,0.08344240991943183,0.08886798564405611,0.09304020281020042,0.0899792363684387,1,0
0,0.10639954091215378,0.08553862686117271,0.08519970566547062,0.08537057324058576,0.08819943039517793,0.08834212842615684,0.11708134702588695,0.09260064165612378,0.09809672425045197,0.08988982230776091,0.08403805133249406,0.09009441985290063,0.09529656797577475,0.09047529345762588,2,0
0,0.10458607352371795,0.08429486267239306,0.08406111098627816,0.08425034723670027,0.08717436720229439,0.08716047211977425,0.12033656891020679,0.0916916194774322,0.10025286040787522,0.0896052879242066,0.08348299863423374,0.08847614263217937,0.09313654215008993,0.08946577726389449,3,0
0,0.10365334544182726,0.08548361288902273,0.08511281504898333,0.08513630327143643,0.08815998392296379,0.08713989995139255,0.12149911905438222,0.09407009222066558,0.10218789846714797,0.0904363874725768,0.08405412308686408,0.09025817657289237,0.0936191539108902,0.090578804278241,4,0
