,Pers,LR,Lasso,Ridge,LAD,NN,FA-FIXED-LR,FA-FIXED-LDR-LR,FA-FIXED-NN,FA-FIXED-LDR-NN,FA-LEARN-LDR-LR-10,FA-LEARN-LDR-LR-1,FA-LEARN-LDR-LR-2,FA-LEARN-LDR-LR-5,FA-LEARN-LDR-LR-20,FA-LEARN-LDR-NN-10,FA-LEARN-LDR-NN-1,FA-LEARN-LDR-NN-2,FA-LEARN-LDR-NN-5,FA-LEARN-LDR-NN-20,FA-LEARN-LR-10,FA-LEARN-LR-1,FA-LEARN-LR-2,FA-LEARN-LR-5,FA-LEARN-LR-20,FA-LEARN-NN-10,FA-LEARN-NN-1,FA-LEARN-NN-2,FA-LEARN-NN-5,FA-LEARN-NN-20,iteration,percentage,threshold
0,0.07662819395309438,0.06800126949912648,0.06772240299368637,0.06791932168686474,0.07059417314320621,0.06785619701716646,0.09804814522783549,0.06470317968978882,0.13015769186635695,0.04282602439585235,0.03315519632510187,0.0834135874417281,0.04664760945109178,0.033151952433541736,0.03402123925308952,0.03385837424769551,0.0335678605955749,0.0345750536535863,0.03480059787958537,0.03433902520690864,0.03483570858944337,0.03483570858944337,0.03483570858944337,0.03483570858944337,0.03483570858944337,0.03375370437036618,0.03209501021605149,0.03327241684504243,0.03346067461704843,0.034167245246554324,,,
