,Pers,LR,Lasso,Ridge,LAD,NN,FA-FIXED-LR,FA-FIXED-LDR-LR,FA-FIXED-NN,FA-FIXED-LDR-NN,FA-LEARN-LDR-LR-10,FA-LEARN-LDR-LR-1,FA-LEARN-LDR-LR-2,FA-LEARN-LDR-LR-5,FA-LEARN-LDR-LR-20,FA-LEARN-LDR-NN-10,FA-LEARN-LR-10,FA-LEARN-NN-10,iteration,percentage
0,0.03460037323269356,0.02973879414930331,0.029314619728025147,0.029665773350017875,0.02980575060038264,0.030585939980139722,0.058738169987782356,0.038303993804035846,0.0392166280796751,0.039217102196041784,0.03013190107514476,0.03013189944175692,0.03013189944175692,0.03013189944175692,0.03013189944175692,0.025618705972159962,0.04162434427861836,0.025369642442010128,0,0
0,0.03940489649873469,0.03393487550691785,0.03342293794577401,0.033838602449462823,0.03428161934814168,0.033993119436584396,0.06373345743043174,0.03858455809895217,0.040275044781211626,0.039291799861095496,0.029700062586686816,0.029700061752748228,0.029700061752748228,0.029700061752748228,0.029700061752748228,0.02542632947228591,0.04116552048003773,0.025190693801420003,1,0
0,0.03695903975020092,0.03203193401744068,0.03154169136082872,0.03194983100591948,0.032067662438930736,0.03264880925740055,0.05824194346403775,0.037962472759677575,0.03865834744361094,0.0390878921103212,0.029832857108816446,0.029832858719089337,0.029832858719089337,0.029832858719089337,0.029832858719089337,0.025474009517130924,0.04124271945105561,0.025404841851158783,2,0
0,0.03470249160495897,0.02992803140900425,0.02945811006065747,0.0298405219849362,0.02992325065669135,0.03057276261697655,0.059709106661840275,0.03715156625334727,0.03844446601781059,0.03808165319564792,0.028942187830967803,0.028942183249188087,0.028942183249188087,0.028942183249188087,0.028942183249188087,0.025316669276915064,0.03992148375878914,0.024736715877623286,3,0
0,0.033768558988241666,0.02922439602836594,0.028742761030015464,0.029145071145150334,0.029027109225063023,0.029632244812551996,0.05919618117023622,0.03790207923269383,0.038431930649199746,0.03865844111681885,0.02943905990588796,0.029439060095212338,0.029439060095212338,0.029439060095212338,0.029439060095212338,0.02520777551553029,0.040661649606295674,0.024943104635161507,4,0
