,Pers,LR,Lasso,Ridge,LAD,NN,FA-FIXED-LR,FA-FIXED-LDR-LR,FA-FIXED-NN,FA-FIXED-LDR-NN,FA-LEARN-LDR-LR-10,FA-LEARN-LDR-LR-1,FA-LEARN-LDR-LR-2,FA-LEARN-LDR-LR-5,FA-LEARN-LDR-LR-20,FA-LEARN-LDR-NN-10,FA-LEARN-LR-10,FA-LEARN-NN-10,iteration,percentage
0,0.08394208086386248,0.07421778743569354,0.07360301055961253,0.07403112128502322,0.07796779189831987,0.07047955134963141,0.10450748718930963,0.06117389269912746,0.06710122703956625,0.0585505516637423,0.05128674410579277,0.051286741869310336,0.051286741869310336,0.051286741869310336,0.051286741869310336,0.04336990879094071,0.0745452224679582,0.044815774637769694,0,0
0,0.10214455873962018,0.08937258352710804,0.08859270260128518,0.08912746347529359,0.09470205133690913,0.08261897646010434,0.12090645178322354,0.06226335642071706,0.06975809213862674,0.05978764522208758,0.04999270528181074,0.04999270268840269,0.04999270268840269,0.04999270268840269,0.04999270268840269,0.0422859120537557,0.07354967322073444,0.04395166786617939,1,0
0,0.09548140840966349,0.08405753116240426,0.08330638340597532,0.08383632581454355,0.08861413112187115,0.07829566644965237,0.10682743341941488,0.06132519713819301,0.06678853741159106,0.05941472248475414,0.05027627144434889,0.05027627030905006,0.05027627030905006,0.05027627030905006,0.05027627030905006,0.042885688561164086,0.07409810908667024,0.044848606327524555,2,0
0,0.08811167836610749,0.07723875155489152,0.07651314095111461,0.07701714186140385,0.0814563431632573,0.07152586400336125,0.10801968374112465,0.05937394440535693,0.06524570167468684,0.05701827657568876,0.04885481673893401,0.048854812701008846,0.048854812701008846,0.048854812701008846,0.048854812701008846,0.04215306435283807,0.07195714200182872,0.04357257747962837,3,0
0,0.08779740293906876,0.07700772943540395,0.0762338707194201,0.07678595227256628,0.08112407402067193,0.07013040825535531,0.1072637876459903,0.061560165724062595,0.06668264661932327,0.05865684657024746,0.04960257319215864,0.04960257201740674,0.04960257201740674,0.04960257201740674,0.04960257201740674,0.04230915988252934,0.07325860676674863,0.044234173456076595,4,0
