,Pers,LR,Lasso,Ridge,LAD,NN,FA-FIXED-LR,FA-FIXED-LDR-LR,FA-FIXED-NN,FA-FIXED-LDR-NN,FA-LEARN-LDR-LR-10,FA-LEARN-LDR-LR-1,FA-LEARN-LDR-LR-2,FA-LEARN-LDR-LR-5,FA-LEARN-LDR-LR-20,FA-LEARN-LDR-NN-10,FA-LEARN-LR-10,FA-LEARN-NN-10,iteration,percentage
0,0.25211524423537557,0.17273383018770233,0.17263937429785028,0.17238025405349328,0.18023025040030555,0.15185536535797628,0.18765289138748845,0.17692990112637746,0.15463663867345315,0.158824097885064,0.17375614685747068,0.17375614685747068,0.17375614685747068,0.17375614685747068,0.17375614685747068,0.15142155120642262,0.18100682586543257,0.1528466310123657,0,0
0,0.25319063089689864,0.1741222896258082,0.1740447599126734,0.1737435616294382,0.1819471811516877,0.1550574312713947,0.19050191226862428,0.17777992257737127,0.15605859166751082,0.15972634346192202,0.17375972201165577,0.17375972201165577,0.17375972201165577,0.17375972201165577,0.17375972201165577,0.15252721584397397,0.1808787995532475,0.15320972808207867,1,0
0,0.25585781238095834,0.17282733751629034,0.17269307134145578,0.17244328175746612,0.1801899434365248,0.15322687004831165,0.18721349591038786,0.17715306991476917,0.15581302572325714,0.15736059623344187,0.1731075075036881,0.1731075075036881,0.1731075075036881,0.1731075075036881,0.1731075075036881,0.15217583492368347,0.1812335758743687,0.15303608024227458,2,0
0,0.25731222402937964,0.1727438014586518,0.17272716622922715,0.1724476021970018,0.18030591238609478,0.15368576891602298,0.1876370329166222,0.175689077028029,0.15579640922148852,0.15902835211910052,0.17309478285480026,0.17309478285480026,0.17309478285480026,0.17309478285480026,0.17309478285480026,0.15124263307965005,0.18088884000493233,0.1532332339038462,3,0
0,0.2557801490980111,0.173871850780255,0.17371435791099993,0.17344349384688423,0.18230359060677456,0.1532068348395469,0.1887041174093394,0.1774192083122496,0.1551079479921364,0.15735857230230602,0.17380562739831704,0.17380562739831704,0.17380562739831704,0.17380562739831704,0.17380562739831704,0.15155641892134902,0.18226815612677105,0.15288111701624685,4,0
