,Number missing,Pers,LR,Lasso,Ridge,LAD,NN,FA-FIXED-LR,FA-FIXED-LDR-LR,FA-FIXED-NN,FA-FIXED-LDR-NN,FA-LEARN-LDR-LR-10,FA-LEARN-LDR-LR-1,FA-LEARN-LDR-LR-2,FA-LEARN-LDR-LR-5,FA-LEARN-LDR-LR-20,FA-LEARN-LDR-NN-10,FA-LEARN-LDR-NN-1,FA-LEARN-LDR-NN-2,FA-LEARN-LDR-NN-5,FA-LEARN-LDR-NN-20,FA-LEARN-LR-10,FA-LEARN-LR-1,FA-LEARN-LR-2,FA-LEARN-LR-5,FA-LEARN-LR-20,FA-LEARN-NN-10,FA-LEARN-NN-1,FA-LEARN-NN-2,FA-LEARN-NN-5,FA-LEARN-NN-20,Count
0,0,0.09912128252297085,0.07968495570190996,0.0797106690232382,0.08009690912192227,0.08246684003541138,0.08285792296171557,0.08016776422298214,0.08016776422298214,0.08181006970307399,0.08139200131174397,0.08016776422298214,0.08016776422298214,0.08016776422298214,0.08016776422298214,0.08016776422298214,0.0820521711510377,0.08247943685549952,0.08182790321998011,0.08190559509913777,0.08254613009041283,0.08016776422298214,0.08016776422298214,0.08016776422298214,0.08016776422298214,0.08016776422298214,0.08071548005477802,0.08147357448530906,0.08098207108503677,0.08231696736463721,0.08233954524198342,20535
