,Pers,LR,Lasso,Ridge,LAD,NN,FA-FIXED-LR,FA-FIXED-LDR-LR,FA-FIXED-NN,FA-FIXED-LDR-NN,FA-LEARN-LDR-LR-10,FA-LEARN-LDR-NN-10,FA-LEARN-LR-10,FA-LEARN-NN-10,iteration,percentage
0,0.15750347144203708,0.13091232436476116,0.13141825557747616,0.13091859294232008,0.12392444172226241,0.1047015470596686,0.1403963388179807,0.13356729009018214,0.1079855879652454,0.11210323168766088,0.12771263215463508,0.1060822394680719,0.13513843282075447,0.1074547343318577,0,0
0,0.1580715351544209,0.13066603675814412,0.13124295218811038,0.1307232985959048,0.12381314571560224,0.10424654968116548,0.14329152900779946,0.13356944192190348,0.10963574575198966,0.11308776322773749,0.12829960789942627,0.10623439811163957,0.1356532269423773,0.1078151330275496,1,0
0,0.15744806707623138,0.13083451697508383,0.13148810909579403,0.13091573240905444,0.12367361898816544,0.10453192461898482,0.14065065416968772,0.13272327453939767,0.10870816781274124,0.11268037674367522,0.12755343028778598,0.10603500574293323,0.1352728878042266,0.10743915707083361,2,0
0,0.15698532466413115,0.13022426038388088,0.13073104434755217,0.13021448341600977,0.12303543313559519,0.10396378948084294,0.1418777509576604,0.13294433492324462,0.10863343944455148,0.11250315507491937,0.12767466796987378,0.10585236208598268,0.13483693592550006,0.10685420978432272,3,0
0,0.15754684145465522,0.12998256320426463,0.13055368969406775,0.1300384591702771,0.12298693549696064,0.10401367084531853,0.14009161873964995,0.13381779235448107,0.10864445355484058,0.11182364761120077,0.12760443954850148,0.10540357244329426,0.13454151946582765,0.10689996024534901,4,0
