,Pers,LS,Lasso,Ridge,LAD,NN,FA-greedy-LAD,FA-fixed-LS,FA-lin-fixed-LS,FA-greedy-LS,FA-fixed-NN,FA-lin-fixed-NN,FA-greedy-NN,FA-lin-greedy-NN,v2FA-lin-fixed-NN,FA-lin-greedy-LS-1,FA-lin-greedy-LS-2,FA-lin-greedy-LS-5,FA-lin-greedy-LS-10,FA-lin-greedy-LS-20,iteration,percentage
0,0.1666361693166889,0.1301844856167934,0.1307645016672002,0.130328742265045,0.1228840136735559,0.10674789609561743,,0.13805550299013614,0.13265791537488258,0.1406219800584091,0.11035288266313822,0.11086473773492359,0.10695756422153377,0.10665978117311577,,0.12981569765935003,0.14443031799369363,0.13185117138328714,0.13053793512581166,0.1354474603023936,0,0.1
0,0.16571788632886175,0.13097558310462354,0.13156914748952397,0.13108402560268254,0.12416573605635771,0.10608608326408785,,0.13772354269902326,0.13256178248251668,0.13959658970689265,0.11000915204075006,0.11045645080690444,0.10576568380254095,0.10611765559600715,,0.13059551711720802,0.14314799473089307,0.1324500831123861,0.13026643807375382,0.13577577895263052,1,0.1
0,0.16356040894558158,0.13108225111828894,0.13173566868822006,0.13123749461969855,0.12381061577426207,0.10582166941445147,,0.1384516594292217,0.13297800416795838,0.13996317690750584,0.10994958436327228,0.11012785977561819,0.1064233797704731,0.10549013590661695,,0.13096694049944205,0.1417555658958776,0.1323038159117413,0.1307684894181011,0.13487123196737683,2,0.1
0,0.16467412404039825,0.13087928667325893,0.13138056070176615,0.13097042388743685,0.12380417551250095,0.10587156917281092,,0.13757032939682362,0.13353572188697468,0.14056665483852573,0.10954310944762345,0.11067235285363108,0.10615954345573281,0.10666879898329489,,0.1297907466295216,0.1414910800122747,0.13209158966915707,0.13071077909907397,0.13615070221075073,3,0.1
0,0.16547239240332248,0.13154098609262316,0.13207004193412503,0.13156943003321422,0.12429011372977385,0.1063035845436338,,0.1386144722525385,0.13368040342885149,0.1410249227332549,0.10967633095984775,0.11078906860038822,0.10738237554112527,0.10666733828096699,,0.13015346164779298,0.1454433165199263,0.13200752352877795,0.13073992525590233,0.13476649943081312,4,0.1
