,Pers,LS,Lasso,Ridge,LAD,NN,FA-greedy-LAD,FA-fixed-LS,FA-lin-fixed-LS,FA-greedy-LS,FA-fixed-NN,FA-lin-fixed-NN,FA-greedy-NN,FA-lin-greedy-NN,v2FA-lin-fixed-NN,FA-lin-greedy-LS-1,FA-lin-greedy-LS-2,FA-lin-greedy-LS-5,FA-lin-greedy-LS-10,FA-lin-greedy-LS-20,iteration,percentage
0,0.25574715030162243,0.1699106150970617,0.17014104035125766,0.16987605674040318,0.17604515073440152,0.15345209680782707,,0.17930058827168568,0.17343707069975323,0.1771774038706046,0.15536137494960997,0.15801076136944428,0.1519553501714363,0.15293473910301233,,0.16862305196711902,0.19486617707736756,0.1714213268350334,0.17015504167227014,0.17939003583523033,0,0.1
0,0.25405903035028055,0.1707984712146626,0.1710286790213504,0.170697909714997,0.17741188176243033,0.15295856191170407,,0.1783618237512926,0.17244737946357702,0.17578524986607802,0.15429672935877783,0.15692052017634192,0.15068227485354294,0.15232077678994657,,0.16884096045971067,0.1927907061269004,0.1730200104487692,0.16969712255448788,0.1794296769747508,1,0.1
0,0.25136568351533334,0.17070142636121563,0.17096127918542758,0.17063974951493383,0.17671357177884653,0.15286697225159468,,0.1792161348926962,0.1732255844395996,0.17607429182481366,0.15478421645006668,0.15741994089264896,0.15223228578301318,0.15238186104794418,,0.16955071890942705,0.19048932897687104,0.17198931332078013,0.17046780084128169,0.17723570639722525,2,0.1
0,0.250511316096845,0.17043311170697711,0.17058025266627422,0.17030765758659247,0.17673912233908665,0.15227755946508872,,0.17814572788030394,0.17413566900257182,0.1767946293273199,0.15382675245777266,0.15709468549565714,0.1512359728891063,0.15308965258240007,,0.16824715320666395,0.19126720878378586,0.17206019958099458,0.17040451983671628,0.17990937937834806,3,0.1
0,0.25311876149481044,0.17125792557903455,0.17146610631062817,0.17109292548572005,0.17740099309227728,0.15441985802622274,,0.17889216828511073,0.17401309903161835,0.1768585872877887,0.15426620253257703,0.15772778662230344,0.1528014936544173,0.15375507515804288,,0.1684617642456645,0.19680304981962715,0.1715211291656551,0.1700652089530234,0.17752034533873431,4,0.1
