,Pers,LS,Lasso,Ridge,LAD,NN,FA-greedy-LAD,FA-fixed-LS,FA-lin-fixed-LS,FA-greedy-LS,FA-fixed-NN,FA-lin-fixed-NN,FA-greedy-NN,FA-lin-greedy-NN,v2FA-lin-fixed-NN,FA-lin-greedy-LS-1,FA-lin-greedy-LS-2,FA-lin-greedy-LS-5,FA-lin-greedy-LS-10,FA-lin-greedy-LS-20,iteration,percentage
0,0.2139413135116007,0.1522494901625571,0.1522698147951528,0.15236657997307598,0.14314215155022617,0.11434851987897919,,0.15733010950980975,0.15507483072356537,0.15725155072458114,0.11552337021301819,0.11425881683225071,0.11533388062401324,0.11208249830375056,,0.15754404941197706,0.1544425221028297,0.15403757992895017,0.15409849915268709,0.15259181808018255,0,0.1
0,0.2119763794730234,0.1520072594924987,0.15201671838523223,0.152108219704285,0.14293176765419616,0.11533033257634363,,0.15651888148414184,0.1547545863873006,0.15598088804497323,0.11612799434264034,0.11296890519143357,0.11526352921462235,0.1120200453966398,,0.1570925310324132,0.15404427708317026,0.15391316177492984,0.15380739089219791,0.15230999710564017,1,0.1
0,0.21075898060695544,0.15214107908659272,0.15216258953437503,0.15226937869141452,0.14327683845504388,0.1142695655857807,,0.15728851810820432,0.15539665316587808,0.15621967252344165,0.1154593219903003,0.1133338029027374,0.11426073632704536,0.11171096393864684,,0.15704118291265695,0.15426377364604885,0.1538273712764758,0.1539679172412764,0.152108463501116,2,0.1
0,0.21049822098349485,0.1529422272009573,0.15295534849571607,0.15302471698786865,0.1439811500967259,0.11512830496093489,,0.15742967668313196,0.15578381179200068,0.15613314622923874,0.1157487942313201,0.11446505464879912,0.11461633571798349,0.11254597899209264,,0.15768444884745364,0.15414248265893535,0.1537389952567336,0.15381943289198508,0.15238379131374225,3,0.1
0,0.2118101788363488,0.15207459977984505,0.15205181626188605,0.15215200216745617,0.14309741712025123,0.11475243495268243,,0.15707659740864802,0.15576749352575617,0.15654523640246498,0.11529849587653683,0.11319394740914725,0.1156434687665269,0.11258088735269507,,0.15735006036596513,0.15413087428682498,0.15347108894863606,0.15362975719978003,0.1518978066422757,4,0.1
