,Pers,LS,Lasso,Ridge,LAD,NN,FA-greedy-LAD,FA-fixed-LS,FA-lin-fixed-LS,FA-greedy-LS,FA-fixed-NN,FA-lin-fixed-NN,FA-greedy-NN,FA-lin-greedy-NN,v2FA-lin-fixed-NN,FA-lin-greedy-LS-1,FA-lin-greedy-LS-2,FA-lin-greedy-LS-5,FA-lin-greedy-LS-10,FA-lin-greedy-LS-20,iteration,percentage
0,0.03272003205500691,0.027966267093263303,0.027454139756318403,0.027875850664298134,0.02778051848566355,0.02868376384058923,,0.05338196181326162,0.034225008121101,0.028262646823917735,0.03497584383745152,0.03808550368305323,0.023310662080257952,0.03273742610596294,,0.06861487649668843,0.04195036299893027,0.03337783219121739,0.022489278348290384,0.021923139345289666,0,0
0,0.03176070686704311,0.027092755368508914,0.026724495488222793,0.02703246678877846,0.02696268998773932,0.028449669958737538,,0.050835466609513456,0.03480704465456213,0.028813910424589133,0.03567207684202994,0.03764934687455475,0.023646249250271076,0.03298764259324435,,0.06860629524180734,0.04225371243737116,0.03444116350830347,0.022970089930623105,0.022361426430422958,1,0
0,0.035098327712466376,0.03025883940364619,0.029812007404931992,0.030185163262704973,0.03018834590566914,0.03175745129231109,,0.053742016335914106,0.034539246758530366,0.028992596514421893,0.036796772597628896,0.037120448751369384,0.02396689649754099,0.03281424560155008,,0.06860017342582093,0.04239732494570124,0.034274574129640786,0.02266223700885887,0.02170628135977291,2,0
0,0.03556059874440249,0.030711240961115722,0.030246154516896377,0.03063196257832083,0.03062134510086773,0.03161665624055274,,0.05064691516038926,0.0339898803637689,0.028614920769746022,0.03517015328120588,0.03753998103090308,0.023943790389220104,0.03247648378371398,,0.06834236782268274,0.042249852476368574,0.03395699869680776,0.022816657258564996,0.02200614079298633,3,0
0,0.03121235535941267,0.02684849919564915,0.026402625479687795,0.02678025896481524,0.026495890640384278,0.027986518627284084,,0.051922641483272435,0.034777172644415856,0.02930045178820096,0.03578766901377924,0.03780009790452701,0.02379373759159691,0.03301235921113515,,0.06899220480319028,0.04240484228133105,0.03446956232784327,0.02265876415622152,0.021899145453381973,4,0
