,Pers,LS,Lasso,Ridge,LAD,NN,FA-greedy-LAD,FA-fixed-LS,FA-lin-fixed-LS,FA-greedy-LS,FA-fixed-NN,FA-lin-fixed-NN,FA-greedy-NN,FA-lin-greedy-NN,v2FA-lin-fixed-NN,FA-lin-greedy-LS-1,FA-lin-greedy-LS-2,FA-lin-greedy-LS-5,FA-lin-greedy-LS-10,FA-lin-greedy-LS-20,iteration,percentage
0,0.21283457672399717,0.1524446500626872,0.15246117726112693,0.15256328234192293,0.14323326707776618,0.11532201728358664,,0.15716113671745474,0.15668069251009611,0.1568909225679272,0.11541686945315029,0.11878537925951499,0.11468099474093124,0.11993775410521497,,0.15715328363080472,0.15442917160165875,0.15386132651915502,0.15403174718735357,0.15211965438685143,0,0.1
0,0.21233064995192671,0.15246175035780943,0.15242557372274,0.15249951939829673,0.14325005716137598,0.1145125927858745,,0.1561029054474513,0.155991433886904,0.1564222617841377,0.1158590214954065,0.11855813788405742,0.11491639971248435,0.12011382145449612,,0.15775643801951547,0.15401035783186764,0.1533805699443099,0.153497160254015,0.15208963165275075,1,0.1
0,0.21326089941080623,0.15220163551966437,0.15220044328541263,0.15227855485954175,0.14336069599965642,0.1155872917893925,,0.15660646835765138,0.1566685290680232,0.15625174298321864,0.115620099510439,0.11866044277342404,0.11553874376826877,0.12112416897787996,,0.15725556653007408,0.15382739921584732,0.15355944187051154,0.1533822202579811,0.15213492681633609,2,0.1
0,0.21496623032965856,0.1523360479339582,0.15232276861412405,0.15241974554229967,0.14326004500577513,0.11589104853354827,,0.1575692825516471,0.15666272257007977,0.15636492425734774,0.11640870266082921,0.11862623617046066,0.11576077646161055,0.1209323211162453,,0.15721004229411825,0.15403619141708763,0.15380324678405052,0.15365397899549524,0.15220898021459578,3,0.1
0,0.21030076178060503,0.15199772241654264,0.15198922136911763,0.1520806018062817,0.14296913075253728,0.11408953131512489,,0.1569030027618659,0.15613973670541867,0.15636084566112435,0.1155013928303904,0.11984128084474208,0.11462939052629569,0.11937869520508673,,0.1575050551971824,0.15441197651533045,0.1542203578363387,0.15406575552626173,0.15219971419497083,4,0.1
