,Pers,LS,Lasso,Ridge,LAD,NN,FA-greedy-LAD,FA-fixed-LS,FA-lin-fixed-LS,FA-greedy-LS,FA-fixed-NN,FA-lin-fixed-NN,FA-greedy-NN,FA-lin-greedy-NN,v2FA-lin-fixed-NN,FA-lin-greedy-LS-1,FA-lin-greedy-LS-2,FA-lin-greedy-LS-5,FA-lin-greedy-LS-10,FA-lin-greedy-LS-20,iteration,percentage
0,0.1271357026924211,0.09868831349932868,0.09807286497072028,0.09800814665428301,0.10457154752342658,0.09792995959703972,,0.11229621262341756,0.09178686070704623,0.11559960756872822,0.10547194020860919,0.09760251906475732,0.09336530926274582,0.09291150977866418,,0.0960299303737297,0.09147369130155918,0.08887319875679794,0.08994427317458079,0.0876728922011574,0,0
0,0.14433019832960597,0.10626600654260329,0.10571592155775378,0.10573900242732913,0.11584497154137739,0.10530515607464125,,0.11313537275044572,0.09125577300593832,0.11791216395448773,0.10552470488900897,0.0982132475790187,0.09458171624823014,0.0931412612942151,,0.09703602446514963,0.09237389900221295,0.0893488753681099,0.09019204728721567,0.08777250703815317,1,0
0,0.1259839972972983,0.09771211375429766,0.09712133818461578,0.09700617957821257,0.10346845529805476,0.09529684329375088,,0.11280375996938452,0.09220670804786495,0.11760081788398165,0.10489698113827034,0.09764825173376247,0.0932566158769982,0.09195094971024327,,0.09552406073405309,0.09078293509433913,0.08843571791834376,0.08966075867486648,0.08777167024050599,2,0
0,0.12550923766014097,0.09742510454217651,0.09688993913158606,0.09682669385627253,0.1034508055345659,0.09693012000370532,,0.11401762603886166,0.09312116738601876,0.11724773701556807,0.10591215938332699,0.09779002677091501,0.09483376770253224,0.09311766628371994,,0.09620982443951992,0.09157283080501151,0.08846266088312472,0.08944993370568546,0.08782194161208344,3,0
0,0.1185607820050919,0.09281407601283607,0.0923035127394113,0.09231680664802974,0.0975628711586819,0.09316940216581458,,0.1114974220065596,0.09136891733540395,0.11675814646938068,0.10397297947003352,0.09724020136349441,0.0939285825350998,0.09227413390876084,,0.09639032267968381,0.09189469381340017,0.08866789115509141,0.08973125499775692,0.08773837875205362,4,0
