,Pers,LS,Lasso,Ridge,LAD,NN,FA-greedy-LAD,FA-fixed-LS,FA-lin-fixed-LS,FA-greedy-LS,FA-fixed-NN,FA-lin-fixed-NN,FA-greedy-NN,FA-lin-greedy-NN,v2FA-lin-fixed-NN,FA-lin-greedy-LS-1,FA-lin-greedy-LS-2,FA-lin-greedy-LS-5,FA-lin-greedy-LS-10,FA-lin-greedy-LS-20,iteration,percentage
0,0.06700764698473655,0.054974441719033956,0.0546001083675664,0.054843110879982004,0.053531885099137484,0.05740640720269906,,0.07463583302134512,0.05746614261035255,0.07367030949576117,0.07478964535193929,0.06171816658876201,0.05835722714292426,0.06463864568384593,,0.06965048477731128,0.07154523258167511,0.05530873164308792,0.05530976683659878,0.05530732127218932,0,0.1
0,0.0699695868817417,0.05700082139870798,0.05663227659482223,0.056907847784536746,0.05588781101118814,0.05932349639048762,,0.07612612707439476,0.05765464945217441,0.07476299696748637,0.07626834639558194,0.06298759950323148,0.05996914287620897,0.06522367107679841,,0.06947299978451098,0.0715310305540273,0.0558628769408053,0.05584047312056591,0.05583802755615645,1,0.1
0,0.07099074358183505,0.0582666023257161,0.05783265035067022,0.05805821068252552,0.057211641891822415,0.060344604813982884,,0.07739797855442807,0.058095893451593994,0.07547209579197642,0.07827479403505073,0.0634906486551215,0.05937781024062572,0.06652410287608602,,0.07161486721585804,0.07229207093516127,0.0561447426315667,0.05612429516293514,0.05612184959852569,2,0.1
0,0.06821460774590767,0.056164254146011464,0.05584122790865086,0.05610433036475769,0.05472008191556969,0.058476875766674735,,0.0755117949946409,0.05713211582924857,0.07543995700958123,0.07622295693637063,0.06153582199673383,0.059471984185956187,0.06497021480473866,,0.06758152060957559,0.0694888416601196,0.056104818841488796,0.056105854034999646,0.05610340847059019,3,0.1
0,0.07065184346060285,0.056912887174986646,0.056566066692841,0.05684253062861747,0.056184217268786474,0.05977366363906475,,0.07749790672611113,0.05784867529305342,0.07589658598019473,0.07833243076822181,0.06281186630580886,0.059029779668304326,0.0667574814028486,,0.06906138038748863,0.07215146356422375,0.05614992112696029,0.056135927868053485,0.05612382378461337,4,0.1
