,Pers,LS,Lasso,Ridge,LAD,NN,FA-greedy-LAD,FA-fixed-LS,FA-lin-fixed-LS,FA-greedy-LS,FA-fixed-NN,FA-lin-fixed-NN,FA-greedy-NN,FA-lin-greedy-NN,v2FA-lin-fixed-NN,FA-lin-greedy-LS-1,FA-lin-greedy-LS-2,FA-lin-greedy-LS-5,FA-lin-greedy-LS-10,FA-lin-greedy-LS-20,iteration,percentage
0,0.03419468275679117,0.03126822013725121,0.030575650696988168,0.03085582382279832,0.030472963028968646,0.031705995495025265,,0.06894282472369809,0.0422986024963721,0.025558267948796738,0.04381746392503768,0.047740295993004736,0.028138651473998893,0.03545158662358368,,0.13197700307129887,0.03519136658013096,0.03220748457684116,0.020801148949558777,0.02090849333604646,0,0.1
0,0.0373031331896557,0.034378821421433316,0.03364721200180957,0.033947674928098734,0.03372884553727312,0.03479282467959252,,0.06878380756701964,0.04260629653055732,0.02574860232354222,0.04379807282396665,0.04742209218732865,0.028679051618140054,0.03623525667040204,,0.13162082853003412,0.03411705508251406,0.031427735022625504,0.02086925429978918,0.021407381470155102,1,0.1
0,0.031234416262167275,0.029435588674492908,0.028716230280618583,0.029167320544935343,0.028021763619955908,0.030477629726665963,,0.06848444450477435,0.04093873249155465,0.023986934190876764,0.04276090798217409,0.046892440050372124,0.02756173166360288,0.03565889056150269,,0.13240259817578764,0.03270482731337547,0.03163163901900055,0.020544769771622746,0.020523770349047128,2,0.1
0,0.034874641981137114,0.03236845105384688,0.03168186180196407,0.032061473026682254,0.0313227887494531,0.03332610994209215,,0.06943189027755965,0.04258240129076142,0.024819777605607704,0.04351947633815706,0.047792087147030524,0.027893532050195548,0.03729519749055008,,0.13250736840902536,0.03539691280875978,0.033715124681551856,0.021159962237842774,0.0212583913028416,3,0.1
0,0.032732647662637684,0.03006595884049257,0.029346229776658694,0.029755299308219855,0.028974628732299182,0.03095266975652324,,0.06790547663411318,0.04120222141687816,0.02418011258676062,0.04244539198174354,0.04707059944404281,0.02741280788384963,0.03533379894021155,,0.13028815805081462,0.03277115751009379,0.03166691774325649,0.020733555177313456,0.020762267294189708,4,0.1
