,Pers,LS,Lasso,Ridge,LAD,NN,FA-greedy-LAD,FA-fixed-LS,FA-lin-fixed-LS,FA-greedy-LS,FA-fixed-NN,FA-lin-fixed-NN,FA-greedy-NN,FA-lin-greedy-NN,v2FA-lin-fixed-NN,FA-lin-greedy-LS-1,FA-lin-greedy-LS-2,FA-lin-greedy-LS-5,FA-lin-greedy-LS-10,FA-lin-greedy-LS-20,iteration,percentage
0,0.07002171469941673,0.058894534948539606,0.058424990912197515,0.05853768258848186,0.05800079697313476,0.05855145663690596,,0.07610228986686143,0.06034703733454569,0.0784315660801425,0.06883261991375157,0.06390311884382213,0.05772963853886138,0.060315706047640034,,0.07085988243805841,0.06448117527428164,0.059537504858414726,0.05983627406082655,0.05628013864554383,0,0
0,0.07508104209807244,0.06122247577670204,0.06073330936517713,0.060896238570838306,0.06142965281810377,0.061682992966892856,,0.07674282297591294,0.060012389640609114,0.07912334607764822,0.06877574449583404,0.06408051722101082,0.05803440409126821,0.060451019607010194,,0.0711878127865628,0.06495247541754175,0.05984917982151199,0.060012892868450615,0.056513289932831536,1,0
0,0.06858449218708651,0.05814391197315846,0.0576529272316589,0.057747113398074874,0.056776258594082175,0.057223967966035134,,0.07729683238338705,0.06092286258407643,0.07980891586236485,0.0688635485756486,0.06411087963524972,0.05742399785503543,0.05982792050958763,,0.07064208071317223,0.06427518809388788,0.05959767386781747,0.05987143709348829,0.056523453910819345,2,0
0,0.06885407195950852,0.057941477526866424,0.057493190318809353,0.05763322393328132,0.05701377383402984,0.057858537696861244,,0.07690273409448689,0.0614123900046183,0.07885977737567629,0.06905260232461385,0.06416448391706084,0.05812793866917874,0.06060690352172324,,0.07078619741143906,0.06429733001129549,0.05920178651980975,0.05944606481852111,0.05657877206575478,3,0
0,0.06559568070936474,0.05499365125232141,0.05456338329230147,0.05471411650667161,0.05354865141960741,0.054978196385258915,,0.07519171035755887,0.06025563356250672,0.07854620547345682,0.0669634203278909,0.06375363371676873,0.05760838383440774,0.060121444504558454,,0.07089109936761666,0.06443674400127138,0.059115603368269216,0.05938474304029976,0.05625491950001016,4,0
