,Pers,LS,Lasso,Ridge,LAD,NN,FA-greedy-LAD,FA-fixed-LS,FA-lin-fixed-LS,FA-greedy-LS,FA-fixed-NN,FA-lin-fixed-NN,FA-greedy-NN,FA-lin-greedy-NN,v2FA-lin-fixed-NN,FA-lin-greedy-LS-1,FA-lin-greedy-LS-2,FA-lin-greedy-LS-5,FA-lin-greedy-LS-10,FA-lin-greedy-LS-20,iteration,percentage
0,0.07034639470678558,0.05629236706053063,0.05592975529869215,0.056204174537163615,0.05557393280781983,0.056362009418371384,,0.07591897901752057,0.05799407554640455,0.07321159638547849,0.07806926876053018,0.0627736120658189,0.05887544038376892,0.05807196543105189,,0.06990896173636163,0.072568214799084,0.05481702281213538,0.054818058005646236,0.054815612441236776,0,0.1
0,0.06712710547402419,0.056881247798534984,0.05653008158872569,0.05675953147100512,0.0548560060263289,0.05757821617868904,,0.07768675719524056,0.05830360338102353,0.07708375872047427,0.0772454645540275,0.06336737136150422,0.059662891233237515,0.058633313174275635,,0.07005131183852907,0.0724781326659381,0.05651082278888329,0.05649631183226432,0.05649386626785486,1,0.1
0,0.0688188493398922,0.056499126011945594,0.05617692915101007,0.05644873576244657,0.055028976403328066,0.056400404535274895,,0.07591225935062326,0.05753930154088616,0.07503468420701524,0.07571341850024095,0.062348293395930406,0.05933726100176011,0.05794616780557246,,0.07081275975696652,0.0685190600527459,0.05564317114237218,0.055663771295021265,0.05563815818651213,2,0.1
0,0.06969032141246147,0.05772627499382415,0.05737946622908672,0.05767267498555691,0.056216434563441886,0.05785440680435927,,0.0759516881613843,0.05761228186182711,0.07516488351594498,0.07646524037929721,0.06275306402857582,0.06003674318446963,0.05773864916740572,,0.070275388194469,0.07194273423189321,0.056178740836835384,0.05617977603034623,0.05617733046593678,3,0.1
0,0.0694169812164357,0.05632612859682405,0.055909580433842816,0.0561877556631317,0.05512275651229727,0.05679773930273965,,0.0742081759083736,0.057064538055460766,0.07362307953512161,0.07503153587197009,0.061939693506393244,0.05909283080869691,0.05748416217881545,,0.06985760054740402,0.07018805326151863,0.05511886634026138,0.05513061466184082,0.05512816909743136,4,0.1
