,Pers,LS,Lasso,Ridge,LAD,NN,FA-greedy-LAD,FA-fixed-LS,FA-lin-fixed-LS,FA-greedy-LS,FA-fixed-NN,FA-lin-fixed-NN,FA-greedy-NN,FA-lin-greedy-NN,v2FA-lin-fixed-NN,FA-lin-greedy-LS-1,FA-lin-greedy-LS-2,FA-lin-greedy-LS-5,FA-lin-greedy-LS-10,FA-lin-greedy-LS-20,iteration,percentage,threshold
0,0.10429058005635779,0.08837255411323756,0.08833808834169009,0.08873277468911465,0.08873484124546815,0.0904825427555531,,0.20001442864605418,0.20974839718368798,0.19094486014674925,0.20991484618358663,0.22372297106351857,0.18662928863526948,0.17373887850946773,,0.289643072090187,0.3056607436309764,0.28935685609292094,0.19567846618191623,0.1981184842974803,,,0.85
