,Pers,LS,Lasso,Ridge,LAD,NN,FA-greedy-LAD,FA-fixed-LS,FA-lin-fixed-LS,FA-greedy-LS,FA-fixed-NN,FA-lin-fixed-NN,FA-greedy-NN,FA-lin-greedy-NN,v2FA-lin-fixed-NN,FA-lin-greedy-LS-1,FA-lin-greedy-LS-2,FA-lin-greedy-LS-5,FA-lin-greedy-LS-10,FA-lin-greedy-LS-20,iteration,percentage
0,0.16599386676415034,0.1592000978297509,0.1599553211020411,0.15945383714437694,0.14176949789761042,0.16305687652850245,,0.1706755483891016,0.16378945408879825,0.17600708622534192,0.17052244390297067,0.16232614198525155,0.16670060446353935,0.16558939862576877,,0.16144734114468146,0.1799009116228394,0.1615313175507951,0.1615199681924197,0.16149761679298427,0,0.1
0,0.165547659538916,0.16063941510040378,0.16130126197439285,0.16083472924337874,0.14362753138447104,0.1636602483276185,,0.1721277257608392,0.16452706059358763,0.17657839804306782,0.17021760063417102,0.16264121565336698,0.167868461547105,0.16597322189249358,,0.16422272289244935,0.18281344678029698,0.16162489995099755,0.1616645605990012,0.16164220919956576,1,0.1
0,0.16438810016306482,0.16171090457413806,0.16236724621833806,0.16194574061381256,0.1436919637791854,0.16509167061934843,,0.17271310876413118,0.16372934487997542,0.17747595416178985,0.17120499720146365,0.16233570102685146,0.16755221507487,0.1666906754628897,,0.16251445807069057,0.17988789106698658,0.1620998178316683,0.16204255154744177,0.1620190021824837,2,0.1
0,0.1657298810827436,0.1607467971007858,0.16158619478792496,0.16113079190537866,0.14348713839172222,0.16432986011216802,,0.17238479442347063,0.1642537532207028,0.17626873844192684,0.17102874750535027,0.16347876650153084,0.16681984610898035,0.16603146153129156,,0.16223129368971526,0.1829080180840715,0.16148404714314663,0.16144486540111572,0.16142251400168028,3,0.1
0,0.16806364904664228,0.15954316578754787,0.16025732599381295,0.1598375806168415,0.1427829524858286,0.1631685659727818,,0.17394730256241508,0.1654020431203748,0.17789238202581562,0.17258522816462693,0.16415168117700393,0.1680053073321654,0.16840819422821213,,0.1628474441158401,0.18632325377981987,0.1628782877998667,0.16288586191664087,0.16286351051720543,4,0.1
