,Pers,LS,Lasso,Ridge,LAD,NN,FA-greedy-LAD,FA-fixed-LS,FA-lin-fixed-LS,FA-greedy-LS,FA-fixed-NN,FA-lin-fixed-NN,FA-greedy-NN,FA-lin-greedy-NN,v2FA-lin-fixed-NN,FA-lin-greedy-LS-1,FA-lin-greedy-LS-2,FA-lin-greedy-LS-5,FA-lin-greedy-LS-10,FA-lin-greedy-LS-20,iteration,percentage
0,0.13483384116860989,0.1197054188364835,0.11947526441139446,0.11915909021111415,0.12896691017865242,0.11894252893107393,,0.14497566405480616,0.12315784141549393,0.13487640085244207,0.12131738341897022,0.12390972246413469,0.11431165844648272,0.11608493361419613,,0.1531337477735087,0.11501701453379451,0.12418003342502788,0.11635359233445844,0.11602574985438752,0,0
0,0.1416368406029228,0.12520396974025616,0.12501375608596768,0.12469703971088035,0.13553132443798754,0.12131176821501781,,0.14849900335372004,0.12651951333742067,0.1363477537072649,0.1218054232290045,0.12751334412216545,0.11712964753880703,0.11500954873361144,,0.1567193929046933,0.1129458368451219,0.12215616597226493,0.11737321309572009,0.11745423238872421,1,0
0,0.13090782018779004,0.1170698976415319,0.11686806686442669,0.1165725830580518,0.12530384800843433,0.11625837535865653,,0.14868172864836837,0.12401141492868578,0.13415224327010594,0.12031126227525814,0.12478265252174234,0.11718069295456576,0.11520342743121681,,0.15721465924497746,0.11244460706162598,0.12173231865320189,0.11602054588147875,0.11569218098522903,2,0
0,0.13042894795603807,0.11676299257290577,0.11655640399334563,0.11627718592114476,0.12481120977749097,0.11749444321118716,,0.14411782346696642,0.1198885825142422,0.13368558889595128,0.1159795899300612,0.1210166527079615,0.11674977374566378,0.11287717057716122,,0.15174900634423646,0.11171683321705048,0.1212372209646655,0.11426569250593632,0.1138717404611437,3,0
0,0.13227566877916386,0.11780064640240474,0.1175281112580858,0.11716985590504088,0.12637432734232346,0.11827212407591504,,0.14408223210036472,0.12064902700318123,0.13417549761760267,0.11932391790047162,0.12313271372014263,0.11470513674888062,0.11339988797292944,,0.15298984897535153,0.11218131542452878,0.12083128696248875,0.11539245017278482,0.11465398639082948,4,0
