,Pers,LS,Lasso,Ridge,LAD,NN,FA-greedy-LAD,FA-fixed-LS,FA-lin-fixed-LS,FA-greedy-LS,FA-fixed-NN,FA-lin-fixed-NN,FA-greedy-NN,FA-lin-greedy-NN,v2FA-lin-fixed-NN,FA-lin-greedy-LS-1,FA-lin-greedy-LS-2,FA-lin-greedy-LS-5,FA-lin-greedy-LS-10,FA-lin-greedy-LS-20,iteration,percentage
0,0.0885630347010518,0.07625008319924029,0.07556065135009561,0.07603861802148197,0.08095222318066927,0.0712174460829347,,0.08175092187135836,0.0513875794606061,0.040485187279732576,0.07021037053479696,0.05323098690602167,0.041232807054622074,0.040555931267730314,,0.08497732267899599,0.06414504167697709,0.03974835320168229,0.03375817194509002,0.03285498205194258,0,0.1
0,0.0792572376800379,0.06832775341262289,0.06775370392967359,0.06813764594652688,0.07237462004483358,0.06480030255944166,,0.08377534983025554,0.04923707546872444,0.04021897911953746,0.07136339015033268,0.05358207776591472,0.03997295255334173,0.03935164915535444,,0.08279801245270436,0.06217360595384103,0.03648483838725298,0.033060661503541186,0.03240099832338285,1,0.1
0,0.08129129109678782,0.06988284475767881,0.06922011897960258,0.06967403430265458,0.07415190919128131,0.06681644581617235,,0.08329437622349029,0.050650552719978544,0.03745595519939455,0.07302396106012692,0.053031799453334284,0.037733544781945676,0.03826831875157842,,0.08203538855200689,0.06121290266859268,0.03594298503871847,0.031396101885657474,0.030896759737441853,2,0.1
0,0.09464449702742203,0.08188174174392776,0.08120118393140359,0.08165908023289854,0.08695586510228417,0.07535183230900253,,0.0886066828004259,0.05403026571899675,0.03989441232893367,0.0807789776580462,0.05494588871041348,0.040185771842870484,0.04014341765185591,,0.08522950013929174,0.06395321678849523,0.039668694070630305,0.03383986637128831,0.03293684480861327,3,0.1
0,0.09461698798924838,0.08202546197716824,0.08132055104748244,0.0817945186343712,0.08702855696592765,0.07594052682288356,,0.08709757930231683,0.054573703982147226,0.042169111900916635,0.08025203033960991,0.0558725430351962,0.042306754275470704,0.040718530328152376,,0.0844632431914525,0.06421433081418904,0.03833930327856673,0.034377213799141985,0.033430815408517424,4,0.1
