,Pers,LS,Lasso,Ridge,LAD,NN,FA-greedy-LAD,FA-fixed-LS,FA-lin-fixed-LS,FA-greedy-LS,FA-fixed-NN,FA-lin-fixed-NN,FA-greedy-NN,FA-lin-greedy-NN,v2FA-lin-fixed-NN,FA-lin-greedy-LS-1,FA-lin-greedy-LS-2,FA-lin-greedy-LS-5,FA-lin-greedy-LS-10,FA-lin-greedy-LS-20,iteration,percentage,threshold
0,0.16051654861318176,0.16186961277752052,0.1628904451651081,0.16243624962734787,0.1426889272144466,0.16367496325245434,,0.2057470505995529,0.20353223898904046,0.20201403685535493,0.20587780729535868,0.20446305692705133,0.19891379164566333,0.2344449194036643,,0.23365052652639265,0.29217063485052536,0.22686356579371328,0.19210540096838208,0.19515365028093384,,,0.85
