,Pers,LS,Lasso,Ridge,LAD,NN,FA-greedy-LAD,FA-fixed-LS,FA-lin-fixed-LS,FA-greedy-LS,FA-fixed-NN,FA-lin-fixed-NN,FA-greedy-NN,FA-lin-greedy-NN,v2FA-lin-fixed-NN,FA-lin-greedy-LS-1,FA-lin-greedy-LS-2,FA-lin-greedy-LS-5,FA-lin-greedy-LS-10,FA-lin-greedy-LS-20,iteration,percentage
0,0.16661093320265521,0.13188090811725073,0.13246126703675917,0.1319853418250289,0.12488346177451407,0.10720081765268225,,0.13742853160184149,0.1346620568071649,0.14088501889618793,0.110478674671194,0.11201189100976068,0.10630462041240585,0.10384892762455404,,0.13984579922244603,0.13482477016048047,0.13418557840725073,0.12985488223380123,0.13703224095524122,0,0.1
0,0.16558770203381348,0.13163070896699253,0.13218449777270172,0.13171669384069476,0.12428953752182784,0.10570273496019456,,0.136197912713702,0.13281001183529748,0.14011345814264087,0.11055883236798486,0.10984688886883189,0.10675077497064833,0.10340591895308791,,0.13863133483897064,0.13417646961678473,0.13341916946008217,0.12962831479313466,0.13470571074876386,1,0.1
0,0.1647209659252824,0.1313717824806297,0.13187718995590855,0.13140550941186172,0.12402187742060967,0.10574503475925921,,0.13849129354698794,0.1335843130899536,0.14041980989528138,0.11123622626379794,0.11131404934799681,0.10689031849266699,0.10362323900114606,,0.13903009688293447,0.134597060389893,0.133868764127699,0.12998105348936928,0.13507237582646525,2,0.1
0,0.16509508464864295,0.13044720684459196,0.13107509780462578,0.1305918452068335,0.12315492667028533,0.10592657851564787,,0.13830923544917476,0.13281576336957168,0.14102763603333476,0.10872692303930477,0.11049859859018307,0.10665607734123667,0.10395579364321109,,0.138016163297793,0.13361776072799939,0.13337371616039237,0.12935614521545594,0.13398377406808482,3,0.1
0,0.16729824815536917,0.1312057301499497,0.1318351842492785,0.1313736865173406,0.12383766982539145,0.10738176939368783,,0.13851409481267843,0.13285634746939456,0.14009309138158024,0.11069265148693049,0.11137825169701651,0.10732473530396369,0.10390889302149836,,0.13931475999906567,0.13481570905829338,0.1341425153102918,0.13006965799902762,0.13644598196431604,4,0.1
