,Pers,LS,Lasso,Ridge,LAD,NN,FA-greedy-LAD,FA-fixed-LS,FA-lin-fixed-LS,FA-greedy-LS,FA-fixed-NN,FA-lin-fixed-NN,FA-greedy-NN,FA-lin-greedy-NN,v2FA-lin-fixed-NN,FA-lin-greedy-LS-1,FA-lin-greedy-LS-2,FA-lin-greedy-LS-5,FA-lin-greedy-LS-10,FA-lin-greedy-LS-20,iteration,percentage
0,0.21224623072949933,0.15293365823579666,0.15292926364051593,0.15300369151666138,0.14331724166754722,0.11602169771369022,,0.15628750535523137,0.15528316029958522,0.15585747303865533,0.11517157793811163,0.11858415884439681,0.11457971519570932,0.11970415097833353,,0.15199948204861055,0.15702475233035748,0.15617618793981008,0.15230950372485522,0.15220786032473907,0,0.1
0,0.21563838620231243,0.15234845269282246,0.1523459159175554,0.152471181136041,0.14335379047351277,0.11582097292878303,,0.1575046866067479,0.15759757511654876,0.15587504240383857,0.11612754768461886,0.1185269453716206,0.11518335084977988,0.12127239939419517,,0.15243765965625636,0.15705984035616635,0.15743536054372068,0.15246597118112762,0.15235432506839747,1,0.1
0,0.21455159519400666,0.15275682558618656,0.15274660125387768,0.1528362850987631,0.14332993554460413,0.1158497310506297,,0.15665259812345453,0.15562509832584978,0.1566247793222856,0.11633193958192685,0.11920012590253486,0.11484895863081436,0.12011317428575562,,0.15255031127372173,0.15900513966220378,0.1562170819420676,0.15224798504917372,0.1521010199998803,2,0.1
0,0.21024511468446838,0.15263835008304116,0.15266342803480323,0.1527367163271018,0.14375794048710136,0.11570538268423268,,0.15738583924127825,0.15641591751161818,0.1560764157222281,0.11514679017637583,0.1176098182003518,0.11484608576921902,0.11934918957476989,,0.15196012012074447,0.15752293039993182,0.15394104162386318,0.15196692226079056,0.15185983318514498,3,0.1
0,0.2131205512248718,0.15292321753525268,0.15290087858695212,0.15300451976065077,0.14355966272338375,0.11547090190565301,,0.15726865164778203,0.15761452258153166,0.15697168653059837,0.116014760529381,0.11783915772020316,0.11546090460924831,0.12064293179277759,,0.15244646116721944,0.15672046394980213,0.15698387668064673,0.15255732678586004,0.15245340053170414,4,0.1
