,Pers,LS,Lasso,Ridge,LAD,NN,FA-greedy-LAD,FA-fixed-LS,FA-lin-fixed-LS,FA-greedy-LS,FA-fixed-NN,FA-lin-fixed-NN,FA-greedy-NN,FA-lin-greedy-NN,v2FA-lin-fixed-NN,FA-lin-greedy-LS-1,FA-lin-greedy-LS-2,FA-lin-greedy-LS-5,FA-lin-greedy-LS-10,FA-lin-greedy-LS-20,iteration,percentage
0,0.03810897844806019,0.032397147190974335,0.03197038571007829,0.03199033361279008,0.032848755098200115,0.03252882396192364,,0.0490516820320818,0.031702960820046436,0.021047512945353578,0.040949008275433775,0.03419376432099565,0.025634866648440606,0.025177543555378688,,0.07362208793472086,0.03704580589279311,0.023238381843405896,0.018279837161802946,0.018275272255915635,0,0.1
0,0.033839268310343874,0.028311157364405728,0.027886291529498567,0.02796897143243634,0.028480492762892377,0.028689648937155563,,0.049636419960787014,0.030705924766240653,0.021344507030054274,0.0411194318631129,0.03409738365513857,0.026063855165274204,0.02494532622202874,,0.07199410105272946,0.035737416681718155,0.022081697758877764,0.018151342085803043,0.018123698261904096,1,0.1
0,0.030524122399726426,0.025159852402385066,0.024734360440174297,0.024881855987291517,0.025164612354307985,0.025850030116085932,,0.04769220474208601,0.03087158477628148,0.020553339608421074,0.039421296859750106,0.033985026677772666,0.02505762855198778,0.024365951189900696,,0.07083190268606743,0.035548749204022026,0.023652843922252545,0.017578178534551556,0.017573481113478156,2,0.1
0,0.03757326792722292,0.0315910434799473,0.03120496206649304,0.031251332857041556,0.031989630494345084,0.03171334080125017,,0.05218562546635847,0.03176858259991421,0.021091812753482975,0.044060373295726846,0.035256879818564235,0.025405595690658207,0.024459242895222832,,0.06974498147581516,0.03900463903691706,0.021139020289657157,0.017897852208205528,0.01788450308781802,3,0.1
0,0.03525976546902009,0.02938654101736202,0.028977325873144114,0.029052164278215633,0.029726670499264696,0.02974140756401188,,0.048030095495148896,0.030693969709203288,0.02065460775610578,0.03929285616948528,0.03381087976422643,0.025089605601731495,0.02421570798770552,,0.0691965921888436,0.03576106339591643,0.02108491386530939,0.01765270619076849,0.017636810502225844,4,0.1
