,Pers,LS,Lasso,Ridge,LAD,NN,FA-greedy-LAD,FA-fixed-LS,FA-lin-fixed-LS,FA-greedy-LS,FA-fixed-NN,FA-lin-fixed-NN,FA-greedy-NN,FA-lin-greedy-NN,v2FA-lin-fixed-NN,FA-lin-greedy-LS-1,FA-lin-greedy-LS-2,FA-lin-greedy-LS-5,FA-lin-greedy-LS-10,FA-lin-greedy-LS-20,iteration,percentage,threshold
0,0.10229731076001108,0.09585472470752644,0.09592624377037366,0.09633748857848672,0.08731338909470712,0.10096514142159053,,0.154258776236126,0.1474254776903466,0.15021484225881468,0.16124542979472567,0.15675872237466287,0.14288192728193247,0.17547701846286934,,0.19687229716209054,0.23507013829831724,0.14100062720023782,0.12697217495923166,0.13897443450993185,,,0.85
