,Pers,LS,Lasso,Ridge,LAD,NN,FA-greedy-LAD,FA-fixed-LS,FA-lin-fixed-LS,FA-greedy-LS,FA-fixed-NN,FA-lin-fixed-NN,FA-greedy-NN,FA-lin-greedy-NN,v2FA-lin-fixed-NN,FA-lin-greedy-LS-1,FA-lin-greedy-LS-2,FA-lin-greedy-LS-5,FA-lin-greedy-LS-10,FA-lin-greedy-LS-20,iteration,percentage
0,0.16505767354691,0.16424407615541833,0.1640875099876403,0.16417723971033177,0.15382224056728824,0.17260043451148638,,0.19226471266115436,0.17022006849775098,0.1748529610893033,0.1726102197893888,0.17368047661395564,0.18803833690998398,0.16916480211550608,,0.1785163792563265,0.1780693172759524,0.16752737116584052,0.16317953166277846,0.16308754080347673,0,0.1
0,0.16587988500440098,0.16461542145600447,0.16446646772480847,0.16455034414524022,0.15435013557749688,0.1739946987303053,,0.19318579246111314,0.1721587193320089,0.17383527350230266,0.1734142229887076,0.1752685665925263,0.1895609953167475,0.17218599367271079,,0.18287666957810553,0.17942889421954072,0.164934392583086,0.1636303741776628,0.16362189318843345,1,0.1
0,0.16808306218498015,0.16592336440123917,0.1657743100650187,0.16585351403292045,0.1565115054566186,0.17488443970034914,,0.19157487102172158,0.17079119765478912,0.17448296785736309,0.17455660580158647,0.1747937899629787,0.18978962951088216,0.17207445833744375,,0.17992369382513113,0.1778895900884306,0.1655302988306351,0.16346577757817393,0.16326686011803246,2,0.1
0,0.16854955272737218,0.16537930880023838,0.165247514793803,0.1653183765300224,0.15616497455650516,0.17240764972972117,,0.1919792032244985,0.17170160370182064,0.1730609938053863,0.17358096908946408,0.1739757156400546,0.189006171091688,0.1705822389645108,,0.18259655196054272,0.17800585678649308,0.16501004417422402,0.16324018606083315,0.16312045689236956,3,0.1
0,0.16488923061540217,0.16455638046287918,0.16443636819805318,0.16450032367003783,0.15479987837154985,0.17018487397902168,,0.19211571505942876,0.17113099189413247,0.17475220563696112,0.17227537622384773,0.1745023633865267,0.18800806724157051,0.1690316397832218,,0.1823032463196063,0.17616922497164156,0.16579841125229702,0.1635265453324829,0.1633320573699322,4,0.1
