,Pers,LS,Lasso,Ridge,LAD,NN,FA-greedy-LAD,FA-fixed-LS,FA-lin-fixed-LS,FA-greedy-LS,FA-fixed-NN,FA-lin-fixed-NN,FA-greedy-NN,FA-lin-greedy-NN,v2FA-lin-fixed-NN,FA-lin-greedy-LS-1,FA-lin-greedy-LS-2,FA-lin-greedy-LS-5,FA-lin-greedy-LS-10,FA-lin-greedy-LS-20,iteration,percentage
0,0.25005733435799393,0.17028028411828178,0.17048809131040618,0.1701879247384972,0.1765737321217829,0.15236534651754435,,0.17863129086163984,0.17339646337265088,0.17789610042241014,0.1532212203020161,0.15821514732444503,0.1525930337198447,0.15304829590960853,,0.17258601905334758,0.17019885008115432,0.1700316822787169,0.16873541497776456,0.1779583975701771,0,0.1
0,0.2552543230031202,0.17060948424062145,0.17086158878516977,0.17054621598145547,0.17665193934077783,0.15165344433153766,,0.17846842310776487,0.17387703788235034,0.17682139223479593,0.15561826771818454,0.1569799881225423,0.15169776836398854,0.15193334497886885,,0.17265996579684847,0.1705108009864098,0.17019292954679052,0.1688510419721361,0.18166366597072173,1,0.1
0,0.25393731477039827,0.17065488197938344,0.1709140862010934,0.17059245647808075,0.17663099817001554,0.15275877076040217,,0.17897615201181435,0.17398468518582885,0.17785261876366484,0.15341755913027538,0.1572044384662871,0.15137077965364057,0.1524818400748953,,0.17234792992521727,0.16968739703666105,0.17038189998156256,0.1692558751890138,0.17785994086390008,2,0.1
0,0.2507897016716933,0.1709948725452749,0.1712379691950464,0.17083401843853377,0.1775789401168071,0.15272281299473722,,0.17798378319896185,0.17260369217862861,0.17609321874355405,0.15495649527239877,0.1572361698567575,0.1514161921314821,0.1517815687430834,,0.17129284951768597,0.16943018135528448,0.16994020634860535,0.16869802070256834,0.1837253768780083,3,0.1
0,0.25448598987747717,0.17118445828756532,0.17143347527503505,0.17110312916595002,0.17702913300554635,0.1528402494153032,,0.177509639942709,0.17320870637720592,0.17590965072620499,0.1547671259607451,0.15842538327001673,0.15259831777250335,0.15273849479275775,,0.1723455189014106,0.17042499515659332,0.1701180969081451,0.16872244092882582,0.1821679519231833,4,0.1
