,Pers,LS,Lasso,Ridge,LAD,NN,FA-greedy-LAD,FA-fixed-LS,FA-lin-fixed-LS,FA-greedy-LS,FA-fixed-NN,FA-lin-fixed-NN,FA-greedy-NN,FA-lin-greedy-NN,v2FA-lin-fixed-NN,FA-lin-greedy-LS-1,FA-lin-greedy-LS-2,FA-lin-greedy-LS-5,FA-lin-greedy-LS-10,FA-lin-greedy-LS-20,iteration,percentage,threshold
0,0.04945218225251565,0.04337539190044577,0.043419854105424885,0.04364629338799302,0.04340112335077771,0.04489682007408255,,0.18069880114572753,0.20712538410906975,0.16343957719294597,0.18869901158760213,0.20226600033242992,0.16617516465105311,0.2442681878521285,,0.25961041720510125,0.2943993233079193,0.2083267208897236,0.185189888580904,0.14992142219995977,,,0.85
