,Pers,LS,Lasso,Ridge,LAD,NN,FA-greedy-LAD,FA-fixed-LS,FA-lin-fixed-LS,FA-greedy-LS,FA-fixed-NN,FA-lin-fixed-NN,FA-greedy-NN,FA-lin-greedy-NN,v2FA-lin-fixed-NN,FA-lin-greedy-LS-1,FA-lin-greedy-LS-2,FA-lin-greedy-LS-5,FA-lin-greedy-LS-10,FA-lin-greedy-LS-20,iteration,percentage
0,0.2548373873006616,0.2064373668355257,0.20672226048134854,0.206302248147635,0.2123316247228105,0.2089247847656554,,0.22033578518142136,0.21088765076154478,0.22285427436132718,0.22096842175627837,0.213227696368816,0.21353033098396007,0.2137844571931518,,0.20985671458286087,0.2469761339821027,0.20651494414439894,0.20650762756049174,0.20642373690360744,0,0.1
0,0.2540826279900444,0.2095195921695902,0.20980931434695052,0.20940471299087604,0.21597960869738414,0.2108392299953716,,0.2234099592601389,0.21261898412570615,0.22318313850489482,0.22193269271518867,0.215509359933572,0.21498250411448078,0.21499592196073722,,0.21447125338718082,0.2511607614922533,0.20685366851047746,0.2069220106362545,0.20683828804729845,1,0.1
0,0.25167238280313614,0.20931910588977887,0.20958554994670522,0.2092291567547905,0.2149476509713965,0.2113223103160864,,0.22303002719441428,0.21163994765796118,0.2239615282877465,0.22224053742304153,0.21388960452386643,0.21435271412126558,0.21527574101031408,,0.2119514153340311,0.24260894622630338,0.20761228388841696,0.20756297557026826,0.20747878859644917,2,0.1
0,0.25444197125364876,0.20893912184585164,0.2092716233856776,0.20895115932231942,0.2152493966697929,0.21091779333951874,,0.22328744254665628,0.21240214298517535,0.22194153686779652,0.22176125582490283,0.21479318781951232,0.213241738464793,0.21425169816989084,,0.21161310796416144,0.24854888244752468,0.20641879252205816,0.20640315890658087,0.20631922577210843,3,0.1
0,0.25698115271775657,0.20758671594506076,0.20782218837671304,0.2075304625397221,0.2143269045777171,0.20981372719091562,,0.2244178405604103,0.21337244314020426,0.22419548256519203,0.22469219490668016,0.21666736182522076,0.21505218439249876,0.2170526907592692,,0.21224664413559693,0.25837218354950264,0.20799593384627182,0.20801677545902517,0.20793349366794536,4,0.1
