,Pers,LS,Lasso,Ridge,LAD,NN,FA-greedy-LAD,FA-fixed-LS,FA-lin-fixed-LS,FA-greedy-LS,FA-fixed-NN,FA-lin-fixed-NN,FA-greedy-NN,FA-lin-greedy-NN,v2FA-lin-fixed-NN,FA-lin-greedy-LS-1,FA-lin-greedy-LS-2,FA-lin-greedy-LS-5,FA-lin-greedy-LS-10,FA-lin-greedy-LS-20,iteration,percentage
0,0.106861174992374,0.09031687707219248,0.09010807285201995,0.09016135657270852,0.08761326185472006,0.08144651622152231,,0.1091524770280779,0.092829356640028,0.10782200429823328,0.08844002111765432,0.08830604355329297,0.08384550889647392,0.08470959142346628,,0.10806937311104782,0.09776233829326951,0.09294079897726827,0.09218679411430358,0.08818546517575161,0,0
0,0.1053336251012823,0.09019106069052629,0.08996272496036788,0.09005731498712333,0.08691969895943076,0.082816860019146,,0.10847164529752061,0.09267443363156508,0.10773873065901501,0.08846414075427013,0.08859610033085709,0.08412655569870656,0.08399537263383848,,0.10802443385270871,0.09755123072990618,0.09262197887323638,0.09164016512178345,0.08760223268682067,1,0
0,0.10646504445339651,0.0906034640869817,0.09038001063784813,0.09042341839114831,0.08773274534622018,0.08235832879819423,,0.1072102437464823,0.09289568691373076,0.10745197578558245,0.08756496490796713,0.0880447773800674,0.08449979266144761,0.08482379435345441,,0.10818146806464109,0.09826011799906527,0.0933963231800407,0.09236210055155782,0.08848858005122374,2,0
0,0.10503817902021821,0.0893966694175096,0.0892385360701639,0.08931664059604734,0.08632699406901694,0.08183492356212385,,0.10780915735202626,0.09296621167007843,0.10764422286466926,0.08833317610628075,0.08836237600255593,0.08383667614057637,0.08519284672635519,,0.10827562760151888,0.09840892229334142,0.09352135175508206,0.09275522260141401,0.08769424340360735,3,0
0,0.105111824868588,0.08938308721135207,0.08915030106649592,0.0892050704253248,0.08613013567719695,0.08157623136929913,,0.10730468682009539,0.0925916493096051,0.10801001859399885,0.08750138238780585,0.08868162980561091,0.08495533735770665,0.0842079538376833,,0.10861224242644656,0.09772914623503141,0.0930535775331137,0.09219073880193393,0.08852424413277972,4,0
