,Pers,LS,Lasso,Ridge,LAD,NN,FA-greedy-LAD,FA-fixed-LS,FA-lin-fixed-LS,FA-greedy-LS,FA-fixed-NN,FA-lin-fixed-NN,FA-greedy-NN,FA-lin-greedy-NN,v2FA-lin-fixed-NN,FA-lin-greedy-LS-1,FA-lin-greedy-LS-2,FA-lin-greedy-LS-5,FA-lin-greedy-LS-10,FA-lin-greedy-LS-20,iteration,percentage,threshold
0,0.23730620001239197,0.17018134092034182,0.17071103355764827,0.17032482484886408,0.1753874697273263,0.1501270658149992,,0.19402233446865597,0.18554110126658818,0.17965912392439373,0.16620858618920947,0.1603461018016468,0.1578999291003857,0.15538991873214647,,0.18099978887867577,0.18032130828353798,0.1807785575427535,0.17759920843271793,0.1745912795364863,,,0.85
