,Pers,LS,Lasso,Ridge,LAD,NN,FA-greedy-LAD,FA-fixed-LS,FA-lin-fixed-LS,FA-greedy-LS,FA-fixed-NN,FA-lin-fixed-NN,FA-greedy-NN,FA-lin-greedy-NN,v2FA-lin-fixed-NN,FA-lin-greedy-LS-1,FA-lin-greedy-LS-2,FA-lin-greedy-LS-5,FA-lin-greedy-LS-10,FA-lin-greedy-LS-20,iteration,percentage,threshold
0,0.1574412128554286,0.13476694540335696,0.13478636260718288,0.1351096810942288,0.13589913322028319,0.14219994451800275,,0.2215614596225035,0.22938220788413258,0.21493352229392282,0.2462019399189744,0.24754535955850238,0.21105698244344823,0.2814775178706059,,0.3120057921251679,0.3629031109003492,0.22608001847525916,0.2039464487586729,0.22178397802953703,,,0.85
