,Pers,LS,Lasso,Ridge,LAD,NN,FA-greedy-LAD,FA-fixed-LS,FA-lin-fixed-LS,FA-greedy-LS,FA-fixed-NN,FA-lin-fixed-NN,FA-greedy-NN,FA-lin-greedy-NN,v2FA-lin-fixed-NN,FA-lin-greedy-LS-1,FA-lin-greedy-LS-2,FA-lin-greedy-LS-5,FA-lin-greedy-LS-10,FA-lin-greedy-LS-20,iteration,percentage
0,0.1772146410753881,0.1284776544968324,0.12822773325904732,0.12819344097263238,0.1371437571769705,0.1247162674589973,,0.15043902805376147,0.12825337360432304,0.13989445738048234,0.1313045650868015,0.12809301513087842,0.12721304957762591,0.12452607300100695,,0.13453731022799348,0.1259439130303943,0.12527485361371907,0.1252548304119635,0.12490053532721462,0,0.1
0,0.17690394033662252,0.1289262721639029,0.12877386287396766,0.12885516150744636,0.13774750954259177,0.124372571668476,,0.14833660223801542,0.12777013678118743,0.13913484150886302,0.1300992001643138,0.12846180368732393,0.12686538032193326,0.12413048674559882,,0.1332920624142291,0.12648843808290738,0.12496148336269963,0.1249150247910062,0.12424338177975702,1,0.1
0,0.17352879333259624,0.1274572161756639,0.12730602842917008,0.12734725851854167,0.13594019370829208,0.12465686290822714,,0.1477904343544452,0.1279113793463087,0.14100333380791027,0.12986193701950519,0.12781161576538957,0.12737826681375505,0.12528028672634448,,0.1355476593586777,0.12684920473121514,0.12557592835523176,0.12555203964152,0.12500962894053105,2,0.1
0,0.17843115505405935,0.12887539051248528,0.12871008000450865,0.12874664016553,0.13808956994530824,0.1252263805944215,,0.15081379123644717,0.12752766892278306,0.14042595966753152,0.12907287305099052,0.12832572062678366,0.12690050490987262,0.124019551665286,,0.13263113146158872,0.1248109446763443,0.12417510879740513,0.12415009246869406,0.12531246200198504,3,0.1
0,0.17849194197659293,0.12805045318675984,0.12784895199336502,0.1279917068314385,0.1373506881120631,0.12388966870076379,,0.1473351767225289,0.1279980141868864,0.13939846262269825,0.12780288016808458,0.1273407308338192,0.12579149966808761,0.12437704539251263,,0.13258074564233732,0.12460899173769467,0.123825275815286,0.12380175963164337,0.12435190370562058,4,0.1
