,Pers,LS,Lasso,Ridge,LAD,NN,FA-greedy-LAD,FA-fixed-LS,FA-lin-fixed-LS,FA-greedy-LS,FA-fixed-NN,FA-lin-fixed-NN,FA-greedy-NN,FA-lin-greedy-NN,v2FA-lin-fixed-NN,FA-lin-greedy-LS-1,FA-lin-greedy-LS-2,FA-lin-greedy-LS-5,FA-lin-greedy-LS-10,FA-lin-greedy-LS-20,iteration,percentage
0,0.17406357403611714,0.12759103118473458,0.1273936420466188,0.12747428630608304,0.1363888632738191,0.12289138909274404,,0.1474666890716177,0.1314126261031227,0.138532278144996,0.12878573526793274,0.13150659464880757,0.12597544172476688,0.12874226860184512,,0.13386749752646826,0.12634185534688078,0.12533784245590002,0.125316473908838,0.12496698639997372,0,0.1
0,0.18184031906559353,0.1294665429058867,0.12930277846042817,0.12937903148824315,0.1390261496304027,0.12637966147960664,,0.1490879605501812,0.13072713942274344,0.1397007610947019,0.13110212500679824,0.13202338143918435,0.1265479452129306,0.13244879133396448,,0.13331072584784723,0.1253087970862419,0.12441888881515345,0.12440303241396651,0.12410125850492583,1,0.1
0,0.18814360119770723,0.1307938973678584,0.1306603635297511,0.13085161890235106,0.14123644659283266,0.12842332015444066,,0.1500549187865567,0.13123897736395673,0.13957997427781763,0.12897219385577816,0.1306695888937941,0.12614386169380393,0.13047501231638037,,0.1336146546303758,0.12628868139865781,0.12520392390045298,0.12517309443258048,0.12449854841700607,2,0.1
0,0.17502184258548492,0.12859415792553297,0.12839321697149814,0.12845823697254358,0.13694754714959115,0.12487134660298717,,0.1487324130488637,0.13111792105561032,0.1403049770897958,0.1303399384306271,0.13219250020095397,0.12699804825670236,0.13155788671615326,,0.1342781883376284,0.1262665556724407,0.125727275697456,0.12569411929836286,0.12540015701868332,3,0.1
0,0.17629897760376734,0.12843194329541013,0.12822462124506498,0.1283114970296447,0.13748614577246132,0.12445041821794245,,0.1492109229231852,0.1298981771610352,0.13994761416263451,0.1282674090547376,0.13226228104692336,0.127110673942671,0.12970593853349702,,0.13360144718916664,0.12580773434172954,0.12529972835963732,0.1252687163604568,0.12516237889225823,4,0.1
