,Pers,LS,Lasso,Ridge,LAD,NN,FA-greedy-LAD,FA-fixed-LS,FA-lin-fixed-LS,FA-greedy-LS,FA-fixed-NN,FA-lin-fixed-NN,FA-greedy-NN,FA-lin-greedy-NN,v2FA-lin-fixed-NN,FA-lin-greedy-LS-1,FA-lin-greedy-LS-2,FA-lin-greedy-LS-5,FA-lin-greedy-LS-10,FA-lin-greedy-LS-20,iteration,percentage
0,0.1046705120448151,0.08724798182577435,0.08717280230198778,0.08740056465486702,0.08420787355541069,0.07984249770256885,,0.1019243717599847,0.09134468281244486,0.09993027244316101,0.0869275295360777,0.08713586875725363,0.08196487251231441,0.08862950976840733,,0.10447712106928066,0.09053113384148688,0.08837485893589532,0.08836362779920912,0.08585115421414412,0,0.1
0,0.10794287536352959,0.08808124627799697,0.08797455653069745,0.08818902464466535,0.08542914247305679,0.08152202107694594,,0.1027333049704632,0.09039797990540158,0.10097251493027118,0.08897599231946808,0.08733049742074885,0.08279419066599766,0.09037136389176298,,0.10433145929333386,0.08953048984210457,0.0877417046478999,0.0877367960932894,0.08538636944880157,1,0.1
0,0.10978764859359545,0.08892815000173009,0.08885229873473158,0.08911517031250892,0.08628322801367339,0.08211605276069657,,0.10364792018365906,0.09082827810061331,0.10104809040755854,0.08722400168201347,0.08715095236004362,0.08263398539157273,0.08964024538091755,,0.10447654872488074,0.09024082163385336,0.0881433794924384,0.08812271861894516,0.08541430468974408,2,0.1
0,0.10519276511761146,0.08733214235084603,0.08725704838355937,0.0875061948187931,0.08382520157628107,0.08043538910535557,,0.1025336240707697,0.09077446639616846,0.10129329813749557,0.08775038431938856,0.0880093952797498,0.0835253038656206,0.09019619387848607,,0.10440405457685441,0.09009905187473463,0.08838704829893998,0.08836212595416652,0.0861158898204256,3,0.1
0,0.10504388355088674,0.08741174711041842,0.08728346962710092,0.08746656813960788,0.08405998094563279,0.08030251550363354,,0.10331941541813644,0.09050821754541152,0.10074376180911698,0.08689534090806446,0.08745598232949112,0.0834538996286209,0.08863393630419324,,0.10352760365410855,0.08937465950896058,0.0879745209975895,0.08795327315472448,0.08603817304191233,4,0.1
