,Pers,LS,Lasso,Ridge,LAD,NN,FA-greedy-LAD,FA-fixed-LS,FA-lin-fixed-LS,FA-greedy-LS,FA-fixed-NN,FA-lin-fixed-NN,FA-greedy-NN,FA-lin-greedy-NN,v2FA-lin-fixed-NN,FA-lin-greedy-LS-1,FA-lin-greedy-LS-2,FA-lin-greedy-LS-5,FA-lin-greedy-LS-10,FA-lin-greedy-LS-20,iteration,percentage
0,0.03863558886620675,0.037631141611772646,0.037529327445450344,0.0376812304983988,0.036918141125046676,0.03912146665310321,,0.09604651487462189,0.05377486808480996,0.06078985540958518,0.04460303523287471,0.05698558226858658,0.039829062035798085,0.05823804421075367,,0.09834569677040604,0.045857917619160686,0.059111584157703116,0.05408023786431799,0.05375752575540746,0,0
0,0.037590183661038355,0.03673768732973782,0.03659910429996085,0.03677000617779823,0.03586823065381274,0.038046315447939634,,0.09638297385830892,0.05411763956286549,0.06160024013956966,0.045857640785124394,0.05767027427081768,0.040155327213811105,0.058818659752684216,,0.10029782877756493,0.04632777345670519,0.05887692348572685,0.05483696856842322,0.054482898433723156,1,0
0,0.03590910764317286,0.03489817160487001,0.03476151124799287,0.0349465323963276,0.03406227896582826,0.03657510899738117,,0.09650032425259567,0.05294477172008964,0.05955502727892415,0.04572690431826579,0.056913766558637446,0.03964974125768294,0.05779389572844157,,0.09818000226071089,0.04530356567787244,0.05755643436795855,0.05261214966756503,0.05242890360509661,2,0
0,0.04054131488323494,0.039430856937427795,0.03928848013574247,0.0394161606055249,0.038913352487055394,0.04024334145105224,,0.09895617757387645,0.056416473382164975,0.062315424227491034,0.0461389338272739,0.059057610670668975,0.04117919996106148,0.05936948010313924,,0.10195954945163982,0.047608826302286,0.06071198669380154,0.055526662343579385,0.054926706178586,3,0
0,0.039087804020896316,0.03801152423415609,0.03788117323829996,0.038036648210348,0.03736679463598476,0.03921991342763712,,0.09541415193277157,0.05505229333694083,0.05986439509394834,0.045050712786753905,0.05710493617426532,0.04033957471493781,0.0591765928949771,,0.10048534130499627,0.04543340006156137,0.057791674276681165,0.05354323024171548,0.053177365255119416,4,0
