,Pers,LS,Lasso,Ridge,LAD,NN,FA-greedy-LAD,FA-fixed-LS,FA-lin-fixed-LS,FA-greedy-LS,FA-fixed-NN,FA-lin-fixed-NN,FA-greedy-NN,FA-lin-greedy-NN,v2FA-lin-fixed-NN,FA-lin-greedy-LS-1,FA-lin-greedy-LS-2,FA-lin-greedy-LS-5,FA-lin-greedy-LS-10,FA-lin-greedy-LS-20,iteration,percentage
0,0.0851194333151299,0.0743550723973825,0.07365620155729409,0.07414142282367345,0.07840560959673026,0.06909280959911396,,0.08669105318557632,0.05383311412036264,0.052948777962824725,0.06675579305518475,0.05820638571206042,0.040495938326599625,0.052537915117216456,,0.08906826288994021,0.06590965201667517,0.05814984937150621,0.039806374200335795,0.04037681830969762,0,0
0,0.07899574052567519,0.06865818166699253,0.06814871687212666,0.06848563191537646,0.07242909870217001,0.06587371144696551,,0.08345827013136116,0.05477066949126743,0.05468375659067743,0.0689697913857226,0.057744037580045544,0.04239743166426254,0.05386276576928241,,0.08886719495335252,0.06673475085594383,0.05996607345807126,0.041358960485274626,0.042159028574370594,1,0
0,0.0870414027142901,0.07686273169315873,0.07622212411497235,0.0766779696146589,0.0807357308922033,0.07516433322083904,,0.08848785535188686,0.055099700226381866,0.05451911593913128,0.072241721988662,0.05776057305444933,0.04252541086582294,0.05368792096287039,,0.08939419224538825,0.06708728597503195,0.06006440318925631,0.04088014701155726,0.04100384583281916,2,0
0,0.09126589272958702,0.08057440871577196,0.07993749188309031,0.0803747365767267,0.08484459283320338,0.07670725268147445,,0.0836464918044893,0.054307397541601396,0.05405136064217835,0.06754779559344279,0.0584204188551088,0.04264094565864706,0.05303520460204062,,0.08936284822677554,0.06704266744982701,0.059267756320029626,0.04139312961971512,0.04194124741461595,3,0
0,0.0750025826690946,0.0653640296600221,0.06475597034373354,0.06517872230086136,0.06864851233129836,0.06295404889504627,,0.0852728615430007,0.05515276543035311,0.05472442131610885,0.07044968165893553,0.058027552060008016,0.04187943036955837,0.05362705273032118,,0.08974714207874464,0.06694886564759343,0.0602111553555732,0.04045991200464825,0.040697452754753755,4,0
