,Pers,LS,Lasso,Ridge,LAD,NN,FA-greedy-LAD,FA-fixed-LS,FA-lin-fixed-LS,FA-greedy-LS,FA-fixed-NN,FA-lin-fixed-NN,FA-greedy-NN,FA-lin-greedy-NN,v2FA-lin-fixed-NN,FA-lin-greedy-LS-1,FA-lin-greedy-LS-2,FA-lin-greedy-LS-5,FA-lin-greedy-LS-10,FA-lin-greedy-LS-20,iteration,percentage
0,0.17933647788946883,0.13296697583920614,0.13263798054600567,0.1324077357975576,0.14226129647279567,0.1258895427790801,,0.1529120102630304,0.13099499242004542,0.14543122001666997,0.12980897854912934,0.13058823414576415,0.12827601361258553,0.12721660376474467,,0.1362885049382019,0.13062938529213478,0.12862245115484205,0.1284548370303317,0.12733461303193136,0,0
0,0.17439337033018487,0.13169464547931023,0.13133961509062994,0.13116198627157377,0.1401098036811289,0.12712667911371975,,0.1515377334247818,0.13057850568157436,0.14471232951821913,0.1302510188669099,0.13090494398710784,0.12778191921171136,0.1265557495200384,,0.1364790461909211,0.13053934864792407,0.12779336173199562,0.12750922583373653,0.12631479177279795,1,0
0,0.17919348358428605,0.13341114939881443,0.13302365326668464,0.1327326300522792,0.1428173436639322,0.1271801753206676,,0.15086921439339107,0.13117990000186724,0.1450973540231654,0.12897978622825032,0.13098647070014785,0.1285385697855091,0.12715770076269764,,0.1370317193720279,0.13139376431046584,0.1292448849154343,0.12891292326339146,0.12739276730999743,2,0
0,0.1755495812048286,0.1313617218245918,0.13105613653676473,0.13092593888243184,0.14001152228296276,0.1260018699095863,,0.15194047723169982,0.130709587151062,0.14560145135780866,0.13017901699611725,0.13134133413135876,0.1282334238848781,0.12796851840604692,,0.13665856638246077,0.13159917353387568,0.12915066977312475,0.12894504173117902,0.12614500213621532,3,0
0,0.17785621563455598,0.13148877343332688,0.13113337042394918,0.13095847449367123,0.14032322669734126,0.12544178493240518,,0.15059120775426885,0.1302219773004965,0.14544981083773662,0.12907416904059413,0.1304572799574341,0.128478643340219,0.12605616779541054,,0.1368925967771369,0.13080009362664008,0.12846321328073462,0.12840993898020756,0.12683596720082235,4,0
