,Pers,LS,Lasso,Ridge,LAD,NN,FA-greedy-LAD,FA-fixed-LS,FA-lin-fixed-LS,FA-greedy-LS,FA-fixed-NN,FA-lin-fixed-NN,FA-greedy-NN,FA-lin-greedy-NN,v2FA-lin-fixed-NN,FA-lin-greedy-LS-1,FA-lin-greedy-LS-2,FA-lin-greedy-LS-5,FA-lin-greedy-LS-10,FA-lin-greedy-LS-20,iteration,percentage
0,0.06695803666807781,0.06372541309190033,0.06364092215452319,0.06346755319924502,0.06662129182404872,0.06168364105774332,,0.11617104954766014,0.06995675514134422,0.08546388509339801,0.07447721195736838,0.07259198356332523,0.05487040884100017,0.07571931975302829,,0.10750055993304918,0.06736127494068524,0.07461973806745609,0.0685727961961069,0.068252512449492,0,0.1
0,0.057713104226826024,0.054384574048129526,0.05430642113342622,0.054148160864908715,0.057120579429377524,0.053331827569059846,,0.11082869650216944,0.06611263842449368,0.08395464592217762,0.0707252754949565,0.06860321163467656,0.05411297634685937,0.0753417355167689,,0.10457245857241086,0.06665770000124277,0.07381793938366792,0.06625109987171207,0.06612529587208835,1,0.1
0,0.05214870863213384,0.048748599460595114,0.04868058858612841,0.04855698824852419,0.05149081829813913,0.04809490216638526,,0.10548969723149233,0.0638710766466053,0.08384109988608275,0.06411065227591226,0.06745054809113445,0.05514647883770095,0.07190996424516502,,0.10435571131225396,0.06230880360761477,0.06936593517938305,0.06489921721466305,0.06478624485926464,2,0.1
0,0.06102459139839382,0.05760260926402599,0.057523449272410494,0.05736699225793922,0.060523623651908866,0.056329745305329526,,0.10637395693660172,0.065728222977937,0.08405596671243643,0.0660131953398638,0.06840357773178199,0.05568244901813723,0.07382093357606183,,0.10411589749180444,0.06462912593268968,0.0707991395174636,0.06576456609947384,0.0654610766033572,3,0.1
0,0.056911279608729444,0.053669507688773356,0.05357426045262361,0.0534175797265519,0.05645934266544729,0.052795260247697415,,0.10771433740604337,0.06411709969694017,0.08321583142234258,0.06598931338625329,0.06679906544550657,0.05566720526036606,0.07307266084123344,,0.10399867246252915,0.06406756963630299,0.07185416302759948,0.06518111368535018,0.0649373910265406,4,0.1
