,Pers,LS,Lasso,Ridge,LAD,NN,FA-greedy-LAD,FA-fixed-LS,FA-lin-fixed-LS,FA-greedy-LS,FA-fixed-NN,FA-lin-fixed-NN,FA-greedy-NN,FA-lin-greedy-NN,v2FA-lin-fixed-NN,FA-lin-greedy-LS-1,FA-lin-greedy-LS-2,FA-lin-greedy-LS-5,FA-lin-greedy-LS-10,FA-lin-greedy-LS-20,iteration,percentage
0,0.2173528844846639,0.1538153449410891,0.1537696736562996,0.15381858473059704,0.14531592074926553,0.11705474901094486,,0.15846633444673028,0.15792016740006184,0.1605458441193168,0.11735035998623117,0.11773567789876858,0.11508500157890621,0.11171200314597748,,0.15872015973577303,0.15527801630344656,0.15480000924079484,0.1543757318304393,0.15300589929244368,0,0
0,0.21282052074845922,0.1533376004024803,0.15330738745706948,0.15337040205034122,0.1445935848669586,0.11800557905867601,,0.15893029955690852,0.1554726163779919,0.1602304869193125,0.11632577134619766,0.11566159500478496,0.11514737136942187,0.11257562253447859,,0.15799772851556276,0.15508159498766233,0.15448041441174018,0.15422189042280232,0.1523754695559238,1,0
0,0.2126228727191487,0.15256444035873576,0.15254971899199005,0.15265810612235758,0.14387050011788372,0.11601819248117863,,0.15872618207007996,0.15634901903970244,0.16003347206522445,0.1169071239305242,0.11539819855333552,0.11543960665659349,0.11191833585544032,,0.1582322984638798,0.1548213235320613,0.15465409223532517,0.15415826302068864,0.1523271224058739,2,0
0,0.2153421741953643,0.15357035105560737,0.1535252735237064,0.15360677920729976,0.1448850073233568,0.11689162636718498,,0.15936450199069302,0.1563128469889703,0.1602167783238974,0.11611662081550377,0.11507227056565247,0.11534350294157844,0.11174358645957247,,0.15846181198221343,0.15477204051785548,0.15447950481135414,0.15406887834318014,0.15243903777353854,3,0
0,0.21037820331734786,0.15260604458865903,0.15258240017090846,0.15265382196320046,0.1438028257318727,0.11589376284095729,,0.15845546813468814,0.1551297999745275,0.15989336817306252,0.11555660711473753,0.1151306970327567,0.11511892926821439,0.1115468810221673,,0.15785124200563294,0.1544654891387236,0.1542011344606536,0.15382268035032537,0.15190798509695033,4,0
