,Pers,LS,Lasso,Ridge,LAD,NN,FA-greedy-LAD,FA-fixed-LS,FA-lin-fixed-LS,FA-greedy-LS,FA-fixed-NN,FA-lin-fixed-NN,FA-greedy-NN,FA-lin-greedy-NN,v2FA-lin-fixed-NN,FA-lin-greedy-LS-1,FA-lin-greedy-LS-2,FA-lin-greedy-LS-5,FA-lin-greedy-LS-10,FA-lin-greedy-LS-20,iteration,percentage,threshold
0,0.030226199487214087,0.025087118190821295,0.025157324964865977,0.025472081545371932,0.024222058488992712,0.026895415388153533,,0.09304352067497838,0.09240341468205951,0.07497901501056402,0.0874837308392124,0.08816705826449436,0.07717579966484617,0.10822039358230003,,0.13574741451626107,0.12795379260301085,0.07942813491071084,0.0660151514712345,0.05176439121108169,,,0.85
