,Pers,LS,Lasso,Ridge,LAD,NN,FA-greedy-LAD,FA-fixed-LS,FA-lin-fixed-LS,FA-greedy-LS,FA-fixed-NN,FA-lin-fixed-NN,FA-greedy-NN,FA-lin-greedy-NN,v2FA-lin-fixed-NN,FA-lin-greedy-LS-1,FA-lin-greedy-LS-2,FA-lin-greedy-LS-5,FA-lin-greedy-LS-10,FA-lin-greedy-LS-20,iteration,percentage
0,0.08590248459611832,0.07631547303432706,0.07545406903247266,0.07479527152569125,0.07997305336122797,0.07269775504183296,,0.10156333167414268,0.06467722558306897,0.053617605404097324,0.07007008357045927,0.0724576605164863,0.048090170439029606,0.05721565563960718,,0.17494073281064096,0.07215753664828628,0.08365271139042198,0.037730357748688235,0.03782404814703012,0,0.1
0,0.10079081605377231,0.09027894796596277,0.08938560091075887,0.0886346526273576,0.09448089599265826,0.08505176474436936,,0.10141961697197158,0.06584114347331509,0.05522445612750819,0.0703808668695586,0.07176609903593449,0.05111753062841133,0.060237832959826994,,0.1739838279719419,0.0714338231242565,0.07998687726032143,0.03802250868288636,0.0408307229623252,1,0.1
0,0.07981698896594751,0.07170819717645624,0.07086028759200225,0.07047997211878837,0.07454944585143652,0.06905137620741227,,0.1009743540866111,0.06317196773884343,0.04844069399087584,0.06666922446005472,0.07075163264103693,0.046497536815765815,0.057335483334349985,,0.17473397283377073,0.06823975514056274,0.08218988649117921,0.037935660349050375,0.03731641018141892,2,0.1
0,0.09002823138308379,0.0802480536622924,0.07941898807098227,0.07876450902281873,0.08415382917547037,0.07726752831591924,,0.10217067946282399,0.06538658144486316,0.05071877123289776,0.06876470511183196,0.0725580757109607,0.04582981663093585,0.06015218251419228,,0.17478952656054822,0.07074909639933911,0.08850640714343658,0.03869951588369077,0.03982297388238869,3,0.1
0,0.08016346126084137,0.07131861850664054,0.07050938867860292,0.07004139471236942,0.07455792010964164,0.06924645357576402,,0.10007487768211974,0.06333762221715031,0.049342944681023425,0.0670472615661093,0.07132437565388754,0.04522146615570568,0.055923094849777526,,0.1721022435329038,0.06485269770965042,0.0804202281122406,0.0380640595877111,0.03751610696310814,4,0.1
