,Pers,LS,Lasso,Ridge,LAD,NN,FA-greedy-LAD,FA-fixed-LS,FA-lin-fixed-LS,FA-greedy-LS,FA-fixed-NN,FA-lin-fixed-NN,FA-greedy-NN,FA-lin-greedy-NN,v2FA-lin-fixed-NN,FA-lin-greedy-LS-1,FA-lin-greedy-LS-2,FA-lin-greedy-LS-5,FA-lin-greedy-LS-10,FA-lin-greedy-LS-20,iteration,percentage
0,0.2552906417189136,0.17280267218642917,0.1727029777595677,0.1724469376091587,0.1805105575433085,0.1543261506539386,,0.17988536716527564,0.17486674767631655,0.17945497113897438,0.15527599052561908,0.156229812509216,0.15190021964642048,0.14996636977525893,,0.17432728012721221,0.17336412174611657,0.17248156498250594,0.1715726974978479,0.1798059931536929,0,0
0,0.2506982557645472,0.1731303813998465,0.17307567942774194,0.172742978371107,0.18090550022298382,0.1537998414713745,,0.17940888049655324,0.1749609473052858,0.17945940989604905,0.15194704966834705,0.15486914621177772,0.15284466782880188,0.15010205204744728,,0.1737896337205582,0.17262406512973358,0.171972491115535,0.17125356466572975,0.18605803479959976,1,0
0,0.25184660635683015,0.1731368685960481,0.1730539963415428,0.17273178033348083,0.18083927554476467,0.15205180368110058,,0.18009973683120584,0.17537896534792494,0.17939262080457738,0.154447259923635,0.15658599618509048,0.152499004218707,0.15036354183570427,,0.17311969888484802,0.17260120897140435,0.1724428489000437,0.1716006841501469,0.17844020123562807,2,0
0,0.2540754158880998,0.1727679824726952,0.17253804242715712,0.17237963741806306,0.1803363113757429,0.15228985999025635,,0.18068695247998404,0.17437625520407016,0.1786686501299466,0.15595195796271455,0.1558193368597637,0.15199924301780227,0.15043233599327002,,0.1726931324877053,0.1718909020518574,0.17181487558485567,0.17133772796072833,0.18035563772062124,3,0
0,0.25336596204670225,0.1727448651469678,0.1726719345963168,0.17234008163197237,0.1805235450226047,0.15461033391511916,,0.1798938998856524,0.1750179517434392,0.17836961132205761,0.15371018887466933,0.1554320599925523,0.15056684428255265,0.14878396822498832,,0.17239511385050377,0.17203772162913758,0.1713233605518239,0.17065493987790895,0.17825943374552197,4,0
