,Pers,LS,Lasso,Ridge,LAD,NN,FA-greedy-LAD,FA-fixed-LS,FA-lin-fixed-LS,FA-greedy-LS,FA-fixed-NN,FA-lin-fixed-NN,FA-greedy-NN,FA-lin-greedy-NN,v2FA-lin-fixed-NN,FA-lin-greedy-LS-1,FA-lin-greedy-LS-2,FA-lin-greedy-LS-5,FA-lin-greedy-LS-10,FA-lin-greedy-LS-20,iteration,percentage
0,0.11634579253531277,0.10367625223043868,0.10351210237984698,0.10333139610259179,0.11087065590572777,0.10576199442991091,,0.13516941957859413,0.11462279480063146,0.12213170151158019,0.11521935349837042,0.1147176463181798,0.1085697081969524,0.1066800581358098,,0.1334381129827589,0.10581518615090595,0.11019307898440238,0.10774571001271026,0.10756467205508598,0,0.1
0,0.11631434439492723,0.10354222838813566,0.10340152660615694,0.10324820938156612,0.11082624020319766,0.10541597587312385,,0.13578160615876209,0.11491976740711035,0.12313025162624215,0.11498724842691099,0.11506172029783472,0.10980313194957454,0.10736669923482413,,0.135487518021909,0.10684768643172377,0.11077257067659861,0.1084254661954764,0.10834604664713936,1,0.1
0,0.11643253043003224,0.10350696722830988,0.10332577572229791,0.1031167321437056,0.11075583965467814,0.1057273882477636,,0.13281567423553056,0.11329273538034186,0.12198949221701762,0.11412464022239553,0.11443180746514663,0.1076740002850012,0.10667298525071774,,0.1326034742275286,0.10678761470015369,0.11056238325616358,0.10772057513733838,0.10766217791088317,2,0.1
0,0.11432540267312193,0.10241201577466535,0.10223785034777097,0.1020202809357226,0.10873863791141543,0.10452312570844993,,0.13470930422489646,0.11495906657946967,0.12149300691842392,0.11608193722002286,0.1166499542429646,0.10879850515649236,0.1084401855276667,,0.13554414388249938,0.10722937486285283,0.10997091510956934,0.1079603119545417,0.10790712436058195,3,0.1
0,0.11460834419176995,0.10256992353308673,0.10241300724848039,0.10225525007816273,0.10905973754654083,0.10548341127869854,,0.13372350928873683,0.11291970661364778,0.12230727167114203,0.11425826462305667,0.11495030774353497,0.10948148060271558,0.10777531961833146,,0.13357252178662737,0.10701911515305362,0.10903164010937916,0.10751533003357827,0.10747707394974204,4,0.1
