,Pers,LS,Lasso,Ridge,LAD,NN,FA-greedy-LAD,FA-fixed-LS,FA-lin-fixed-LS,FA-greedy-LS,FA-fixed-NN,FA-lin-fixed-NN,FA-greedy-NN,FA-lin-greedy-NN,v2FA-lin-fixed-NN,FA-lin-greedy-LS-1,FA-lin-greedy-LS-2,FA-lin-greedy-LS-5,FA-lin-greedy-LS-10,FA-lin-greedy-LS-20,iteration,percentage
0,0.06580327985351016,0.06656790515405918,0.06641046348637346,0.06632839130921382,0.06218156599224691,0.07149146958563661,,0.10690731740834579,0.07885294134523707,0.08400576262432637,0.07888195601221534,0.08230998472083062,0.07088125248908841,0.07466686838333435,,0.0979429048496364,0.07098827807546,0.07604904814098898,0.07500151616009837,0.07493824367040731,0,0.1
0,0.066199750276044,0.06671983842559571,0.06657698098215173,0.0665359721366112,0.0625302132559486,0.07178865858673435,,0.1071384711959007,0.07902236999467616,0.08440762241134782,0.07849557922406783,0.08219225128763322,0.07188830366491715,0.07492603900864328,,0.09927858826732676,0.07107189433646738,0.07622643979022017,0.07512544111497772,0.07509752073684865,1,0.1
0,0.0660095261986978,0.06650951582631533,0.06632602680991934,0.06625487178584036,0.06224498737606324,0.07184789159578685,,0.10487101838297425,0.0781180614320919,0.08418114637767204,0.07800079566722774,0.08218634977209668,0.07098760805401656,0.07481491204235294,,0.09754065243592933,0.07163839793930575,0.07648384484478402,0.07526148189291272,0.07524295582479296,2,0.1
0,0.06512898293079064,0.06618524838417097,0.06600143990013392,0.06591116791881299,0.06142045978682576,0.07119933445010786,,0.10628675245282866,0.07926869461660685,0.08342032629830454,0.07943224241659552,0.08324278070669211,0.07078919977781165,0.0754729556502426,,0.0994395821713682,0.07158473409533195,0.07583607486421924,0.07488770610892921,0.07487587268440304,3,0.1
0,0.06539470179234785,0.06641867038538744,0.06625550764970185,0.06618441726985265,0.06167611669241206,0.07188804574977206,,0.10631614820930402,0.07883976389956228,0.08394401014258879,0.0779486185635679,0.08251077513191132,0.07158530375078034,0.07522507004405216,,0.09851707231908696,0.0715365009278216,0.07561924835790163,0.07488429244299406,0.07487684464356249,4,0.1
