,Pers,LS,Lasso,Ridge,LAD,NN,FA-greedy-LAD,FA-fixed-LS,FA-lin-fixed-LS,FA-greedy-LS,FA-fixed-NN,FA-lin-fixed-NN,FA-greedy-NN,FA-lin-greedy-NN,v2FA-lin-fixed-NN,FA-lin-greedy-LS-1,FA-lin-greedy-LS-2,FA-lin-greedy-LS-5,FA-lin-greedy-LS-10,FA-lin-greedy-LS-20,iteration,percentage
0,0.3013545620814639,0.1885508402450604,0.18846108515334561,0.18848432228040415,0.19394629846592007,0.1594704747928066,,0.19380170647377443,0.19263100582586773,0.1917096623970642,0.1601523237369632,0.1607123847035433,0.15962562772538533,0.15693765186585054,,0.19048009515378567,0.18895281182358425,0.18926864556139547,0.18888342037510547,0.18840452911353514,0,0
0,0.3014016401649139,0.18852031081911616,0.18846558658461146,0.18849920854382915,0.19357977482349623,0.15966545291196904,,0.19226885762741847,0.19203396045565532,0.1918629066742959,0.16204188242209042,0.16114672131362018,0.16018414143190804,0.15664679589514874,,0.19057733423109952,0.18910794075815318,0.18944259751159093,0.1890280324346564,0.18821365090804285,1,0
0,0.30040541203653226,0.18915578759911633,0.18908835425370243,0.1891206513987057,0.19425837949339664,0.16054714745651713,,0.19491264619302145,0.19274348020220697,0.1918761753744854,0.16040610166091743,0.16165179795597487,0.16002870555011026,0.1578120285616521,,0.19051827213794503,0.18931332592276803,0.18956807568522313,0.18940216586432507,0.18886207506468652,2,0
0,0.3008966060717413,0.18920639935641875,0.1891216037242934,0.18915162604863506,0.19426233648536645,0.16089484711099059,,0.19343190755458634,0.1931283737271106,0.19217282754441425,0.16173747905313104,0.16187877851448182,0.1603887703282222,0.1576030723917864,,0.1903084348209509,0.18907577219112706,0.18902924015108805,0.1887340383467262,0.18848276606624534,3,0
0,0.30108230052205576,0.18862918941634288,0.18857641176047504,0.18861183734252532,0.19378898109416556,0.16062575142802688,,0.19415067430156185,0.1909504578442064,0.19250903177672415,0.1607613120907463,0.16090296879208382,0.1604187221005138,0.15676146791254075,,0.19040173320830783,0.1888530405445933,0.18881225188661527,0.188745270101422,0.18814631372006946,4,0
