,Pers,LS,Lasso,Ridge,LAD,NN,FA-greedy-LAD,FA-fixed-LS,FA-lin-fixed-LS,FA-greedy-LS,FA-fixed-NN,FA-lin-fixed-NN,FA-greedy-NN,FA-lin-greedy-NN,v2FA-lin-fixed-NN,FA-lin-greedy-LS-1,FA-lin-greedy-LS-2,FA-lin-greedy-LS-5,FA-lin-greedy-LS-10,FA-lin-greedy-LS-20,iteration,percentage
0,0.16304666756368497,0.13078385878725127,0.13133145498933751,0.13084079682473782,0.123585788020931,0.10550774201229046,,0.13784753261233237,0.13340189857170048,0.14152876178601698,0.10856743642314384,0.11098652191831877,0.10706329067983489,0.10692469929269807,,0.13938393196111232,0.13415215087892668,0.13358041587253633,0.12961598836256996,0.13506797618979569,0,0.1
0,0.16677403277905667,0.13111015327630515,0.13168224796318925,0.13121390847413403,0.12374822985574019,0.10516336902816187,,0.1380346571562029,0.13354577038458018,0.14042720826317803,0.11013343778913029,0.11068077854449844,0.10654743015719755,0.10609764336365707,,0.13969517574433032,0.13465146434897474,0.13370125279477338,0.1294490573701247,0.1372048355143154,1,0.1
0,0.16518656617721605,0.13127744658240095,0.13183704275013725,0.13136212184222443,0.12394563501726112,0.10610103020897564,,0.1382691845592788,0.13343994014679597,0.14073340539697435,0.10922435182690123,0.11029068476611616,0.10643628483579812,0.10619914737726799,,0.1390573280497373,0.1338935556475378,0.13362763006125278,0.12984496247831806,0.13463053780301276,2,0.1
0,0.16355498292882978,0.1316284134640634,0.13223894343464626,0.13169040075292818,0.12484637677159403,0.10599448869767344,,0.1371437811630321,0.13188911719892632,0.13985033028769117,0.110045184006144,0.10971544754747821,0.10613371257198054,0.10508465326574848,,0.13811705996070214,0.1337428835821325,0.13357028843323576,0.12935748300345792,0.1387940426497027,3,0.1
0,0.16527118825331308,0.1310374120985391,0.13168022535643592,0.13116864477344609,0.12361569562058164,0.10551363745908544,,0.13739567719282758,0.1331500552026552,0.13998114597210118,0.109706616858067,0.11108365113986134,0.10695133122212111,0.10587442582421833,,0.13904193443913385,0.13444749046747165,0.1336928496283831,0.1294604618791991,0.13635596240644365,4,0.1
