,Pers,LS,Lasso,Ridge,LAD,NN,FA-greedy-LAD,FA-fixed-LS,FA-lin-fixed-LS,FA-greedy-LS,FA-fixed-NN,FA-lin-fixed-NN,FA-greedy-NN,FA-lin-greedy-NN,v2FA-lin-fixed-NN,FA-lin-greedy-LS-1,FA-lin-greedy-LS-2,FA-lin-greedy-LS-5,FA-lin-greedy-LS-10,FA-lin-greedy-LS-20,iteration,percentage
0,0.166228524216894,0.13181953547153277,0.13220688774291087,0.13177541307825252,0.1257453077991595,0.10679625174001582,,0.1410567685429002,0.13561393531862406,0.1437114207615747,0.11026294230582474,0.1117145579374964,0.10637267975998908,0.10428973124698711,,0.14204736184426955,0.13854925266224014,0.1359555819467798,0.13317324401264455,0.13676025619717397,0,0
0,0.16449275106992953,0.13188770551248433,0.13227463721883279,0.13180730236112695,0.1259132541015489,0.10685868761794011,,0.1406582739337402,0.13566643437237372,0.14391364248291008,0.10811986488638754,0.1106177758314519,0.10703026637785196,0.10451494868554667,,0.1414155718923555,0.13788297514638537,0.1355730724620226,0.1331784021843044,0.1405165426177006,1,0
0,0.16405512221951388,0.1324586463308243,0.13286052356576689,0.13238551265256435,0.1262142760671879,0.1055398356537561,,0.141322897002838,0.1362425994998878,0.14341548399210635,0.11016214768338861,0.11235619508272826,0.10690512588268661,0.10483341638962915,,0.14081869673494662,0.13771661178125721,0.13551558269084787,0.1330912997807469,0.13684797775340052,2,0
0,0.16563743488519317,0.13195915443795675,0.13228470182135124,0.1319478876841259,0.1254133423212283,0.10587581081424988,,0.1417551162813555,0.13518278141462195,0.14304463235940418,0.11061463437362706,0.1110641585158391,0.10638321164866724,0.10450971808166545,,0.14043193251442412,0.13709274481959718,0.13519080715207332,0.1330290354465647,0.1374139659122038,3,0
0,0.16625779522824077,0.13213208486977163,0.13252045891653524,0.13206289948458313,0.12593947851479284,0.10719807588166484,,0.14120030233594125,0.13624852948476243,0.14284631199302017,0.10934127447453805,0.11137142406771854,0.10562186956273341,0.10370439274140807,,0.14063295463562586,0.13757599839610674,0.1350044689686526,0.1326037981552887,0.13631434891230781,4,0
