,Pers,LS,Lasso,Ridge,LAD,NN,FA-greedy-LAD,FA-fixed-LS,FA-lin-fixed-LS,FA-greedy-LS,FA-fixed-NN,FA-lin-fixed-NN,FA-greedy-NN,FA-lin-greedy-NN,v2FA-lin-fixed-NN,FA-lin-greedy-LS-1,FA-lin-greedy-LS-2,FA-lin-greedy-LS-5,FA-lin-greedy-LS-10,FA-lin-greedy-LS-20,iteration,percentage,threshold
0,0.06665839264563148,0.05728132687501599,0.05728193286236224,0.05759510608316439,0.05490990387032597,0.054573640813660035,,0.10304837855953672,0.08401858114182131,0.07741092704287621,0.0990668058323106,0.09361542550481712,0.07005869805740814,0.07844911257814312,,0.07856242035948306,0.07584436329597438,0.07356509640752981,0.06857932530238102,0.06687723774884785,,,0.85
