,Pers,LS,Lasso,Ridge,LAD,NN,FA-greedy-LAD,FA-fixed-LS,FA-lin-fixed-LS,FA-greedy-LS,FA-fixed-NN,FA-lin-fixed-NN,FA-greedy-NN,FA-lin-greedy-NN,v2FA-lin-fixed-NN,FA-lin-greedy-LS-1,FA-lin-greedy-LS-2,FA-lin-greedy-LS-5,FA-lin-greedy-LS-10,FA-lin-greedy-LS-20,iteration,percentage
0,0.2074250093668821,0.15206964817361796,0.15205395317143242,0.15212398635110483,0.14304925981439656,0.11417280958767065,,0.1566641977606495,0.1546855168238735,0.15574765979700939,0.1146197527382533,0.1120884283097843,0.1142796035243044,0.1118413023265238,,0.156928562559004,0.1539423967910315,0.15407980024955203,0.15376556128438587,0.1521060713539388,0,0
0,0.20732162922929132,0.15204214568491606,0.15208116884076023,0.15217769125264993,0.14299683353569795,0.11450093781265336,,0.15532034833587705,0.15445257970901546,0.15633569267178946,0.11581406959019556,0.11238871298663364,0.1148868402066281,0.11203069458016669,,0.1570547072770271,0.15411567336128898,0.1540176448792648,0.15379882589272903,0.1521270316451281,1,0
0,0.20690186233684163,0.15251787086030294,0.15254412129081463,0.1526204460080217,0.1434207743003297,0.11456567959003162,,0.1573801300075682,0.15518938435825155,0.15630051270419046,0.11544540792025196,0.11375420373798127,0.11497346952376425,0.1126057936968,,0.15716948327500696,0.1543967569805263,0.15424479243804853,0.15426840662523758,0.15253232547421886,2,0
0,0.2068156692297125,0.1525066820515118,0.15252687927374503,0.1526166943838664,0.14340259493711133,0.11535968292570986,,0.15647827441116705,0.15542744944506087,0.156173563020347,0.11558916076357995,0.11354128291056852,0.11543113862320255,0.11272420772067418,,0.15686533438880207,0.15399260402811452,0.1536507467738972,0.15350790959697527,0.1522618157938649,3,0
0,0.20725265419019767,0.15219806546270973,0.15224740905529704,0.15232892579844393,0.14302589704730315,0.11523786669942211,,0.1566573110677489,0.15405661940729107,0.15635288211736703,0.11574018903135098,0.11295467219788252,0.11500869678178338,0.11217654403484353,,0.15688490072562775,0.15385686801773713,0.15353300935844713,0.15359484383660113,0.1521584631199209,4,0
