,Pers,LS,Lasso,Ridge,LAD,NN,FA-greedy-LAD,FA-fixed-LS,FA-lin-fixed-LS,FA-greedy-LS,FA-fixed-NN,FA-lin-fixed-NN,FA-greedy-NN,FA-lin-greedy-NN,v2FA-lin-fixed-NN,FA-lin-greedy-LS-1,FA-lin-greedy-LS-2,FA-lin-greedy-LS-5,FA-lin-greedy-LS-10,FA-lin-greedy-LS-20,iteration,percentage
0,0.3104793771062262,0.18886413918716866,0.18877558281700219,0.18883699774961205,0.19397082967927515,0.15951098872282543,,0.1953506033095315,0.19291842987944893,0.19303119423174606,0.16152950336833216,0.16240885116638332,0.1610279056230736,0.15734478883972372,,0.19112073428546342,0.1894403412986479,0.18953396086939803,0.18925099009904853,0.18886263981368756,0,0.1
0,0.3084666509260085,0.1885523012914699,0.1884659855899244,0.1885118754357354,0.19358720725682094,0.16025800974139132,,0.19392360859916424,0.19254213361472683,0.1916617696467288,0.16181363395024034,0.16127879186590802,0.16024512220832282,0.15683308509775193,,0.19057161356417074,0.1888238885311476,0.18893235344077478,0.18873704434116384,0.1884601697853884,1,0.1
0,0.3080965977395256,0.18866751943883378,0.18857998579518268,0.18861218483725672,0.19385495182736462,0.15895033273933876,,0.19424658747219278,0.19334930926372634,0.19210686452929013,0.16137427636844942,0.1618130497348798,0.15957472214742083,0.15650811714716173,,0.1903269338134008,0.1892294472635621,0.18904735031265188,0.1890441222844389,0.1884275937458942,2,0.1
0,0.3049746252615371,0.18941212102615357,0.18934826570689567,0.18935713608844548,0.19450502956179588,0.16052220136705142,,0.19476157187755427,0.1935360070994196,0.19190017263215453,0.16163161804536302,0.16306446547901143,0.15969901690041602,0.15738763776031514,,0.19118048439898166,0.18914686758730784,0.18910062197590446,0.18901496052908862,0.18853554140205772,3,0.1
0,0.3077833089908103,0.1886506478906061,0.18853321309238405,0.18858997182807302,0.1938569601023582,0.1599766647906242,,0.19452537137185985,0.19322295830596253,0.19286872953127832,0.16020233607958198,0.1618203015211361,0.16120993187107147,0.15788369962074472,,0.19090908713187243,0.18915651249751014,0.18879715513672263,0.18880728455555015,0.18833427116032547,4,0.1
