,Pers,LS,Lasso,Ridge,LAD,NN,FA-greedy-LAD,FA-fixed-LS,FA-lin-fixed-LS,FA-greedy-LS,FA-fixed-NN,FA-lin-fixed-NN,FA-greedy-NN,FA-lin-greedy-NN,v2FA-lin-fixed-NN,FA-lin-greedy-LS-1,FA-lin-greedy-LS-2,FA-lin-greedy-LS-5,FA-lin-greedy-LS-10,FA-lin-greedy-LS-20,iteration,percentage
0,0.12235932384367602,0.09271937948426477,0.09236116503097339,0.09257458185181117,0.09802295078650058,0.09513723110976877,,0.11716808983954491,0.09060452186984767,0.1196298977279966,0.11354791011977766,0.09393125914903426,0.09335159454801674,0.09921379099757659,,0.10887892874248122,0.125157817568376,0.08756626433045257,0.08757662491905414,0.08755224802604694,0,0.1
0,0.1271249562798128,0.09466087436778503,0.09427840893479927,0.09455499938804936,0.10113409873416317,0.09689084527103654,,0.11735086649551969,0.09114007515734092,0.12073211954286142,0.1150213221388707,0.09571831474512217,0.09564002150539223,0.09932102857740706,,0.10860000021550567,0.12369418544860444,0.08790179256359555,0.08786826560262022,0.08784396964057554,1,0.1
0,0.13134948732650914,0.09769253129476212,0.09713655298290953,0.09730091567029006,0.10441094899459642,0.0988587585700529,,0.11896744881559886,0.0911057460863892,0.12169151164904289,0.11658871314733911,0.09604858904887517,0.09436125473634133,0.10011970219617244,,0.11086681018865052,0.1250678278541165,0.0884058424353977,0.08839792215884876,0.08837377181157105,2,0.1
0,0.12165762389548147,0.09307481068050075,0.09271641808583911,0.09294704988204118,0.09772410109053772,0.09527041791165013,,0.11626292353622407,0.09003139702520163,0.12243979371330481,0.11361296736860593,0.09345807411281729,0.09480643814981163,0.09899132137178634,,0.10533020450206211,0.11882916025289446,0.08807443436935028,0.08808473518665418,0.08806049894876102,3,0.1
0,0.1313663336395025,0.09699912782813225,0.09663461329642238,0.09683037578272517,0.10401093503543138,0.09967600491206383,,0.120408319193919,0.09156376730872089,0.12333575824805909,0.11775146444254055,0.09490445270064364,0.09463660429159985,0.10115820905148867,,0.1072603473477544,0.12521787907368354,0.08858197808816974,0.08858699974889103,0.08854921409483862,4,0.1
