,Pers,LS,Lasso,Ridge,LAD,NN,FA-greedy-LAD,FA-fixed-LS,FA-lin-fixed-LS,FA-greedy-LS,FA-fixed-NN,FA-lin-fixed-NN,FA-greedy-NN,FA-lin-greedy-NN,v2FA-lin-fixed-NN,FA-lin-greedy-LS-1,FA-lin-greedy-LS-2,FA-lin-greedy-LS-5,FA-lin-greedy-LS-10,FA-lin-greedy-LS-20,iteration,percentage
0,0.03438938372497565,0.02881161444042403,0.02837070333023349,0.028734054706256715,0.029005925155062937,0.029552229547606744,,0.04708760160157277,0.031177062896792642,0.020762525273144424,0.03502336165163427,0.03379645625321189,0.022292734376359133,0.023153553340200726,,0.06380103138646159,0.040753032663737074,0.021562987331272765,0.018574640323194,0.01787516982795674,0,0.1
0,0.03186246436871207,0.026545584431484165,0.026158292455561512,0.026475114328492987,0.026681144578700747,0.027323384179235445,,0.047837830642494555,0.030030138246937076,0.020327617935926412,0.03470497987764038,0.033953406222875,0.022043584978805708,0.02264271174906824,,0.0626954204633949,0.03963620626582626,0.019616171467929645,0.018117026094884345,0.017425023693716703,1,0.1
0,0.03291848042279173,0.02748203893905242,0.02704347304951528,0.027404202592396548,0.027633129808816485,0.028428738943471282,,0.047846261306970575,0.03111799953538058,0.020015482238767302,0.03546629859799557,0.03378632703115669,0.021617550737883406,0.022533613051017427,,0.061866698376623036,0.03960739545484183,0.020039132604858238,0.01790146144972919,0.017259730769866713,2,0.1
0,0.035270293798728536,0.029628724317705805,0.02925447158864998,0.029554055058113857,0.02995212042870748,0.03019126139854336,,0.050976046533118866,0.03295552551252939,0.0207514806072387,0.03853234381089604,0.03505092335272206,0.022375219009713388,0.0232535847422963,,0.06513168085422644,0.04120017502475383,0.021450609191572937,0.01871051609674963,0.017922088574527532,3,0.1
0,0.03634449320168566,0.030300620163253224,0.029894566385219104,0.030220313313792338,0.030768759960377663,0.030711458935689277,,0.04927173875389084,0.0323311722577062,0.021283034412172296,0.038787512907586655,0.03476956198999419,0.022962554654273635,0.023378688554598816,,0.06414296811670803,0.04160762222569559,0.020794973997730438,0.01884562332074482,0.018153932641717926,4,0.1
