,Pers,LS,Lasso,Ridge,LAD,NN,FA-greedy-LAD,FA-fixed-LS,FA-lin-fixed-LS,FA-greedy-LS,FA-fixed-NN,FA-lin-fixed-NN,FA-greedy-NN,FA-lin-greedy-NN,v2FA-lin-fixed-NN,FA-lin-greedy-LS-1,FA-lin-greedy-LS-2,FA-lin-greedy-LS-5,FA-lin-greedy-LS-10,FA-lin-greedy-LS-20,iteration,percentage
0,0.06779083816809003,0.05540410349287098,0.055074503866728956,0.05534317571354494,0.054405274326788454,0.05580968650826965,,0.07255824198388923,0.05729730690012327,0.06977910971871716,0.06529546493295797,0.0611211731148874,0.05660589957833351,0.05508230275091819,,0.06588397342725531,0.05602477909264755,0.05407412999008325,0.05408209367795824,0.055319640421903196,0,0.1
0,0.07087907037034406,0.05700066608447747,0.056572270400983705,0.056839523277930834,0.0564303660654808,0.05649081970347699,,0.07302882135143071,0.05702083087778583,0.0705767774342283,0.06491129551353321,0.06170616951421403,0.05690242115849771,0.05513108228023599,,0.06677044062043831,0.05637031102174705,0.054207216418846994,0.05418661794401159,0.05552996509455564,1,0.1
0,0.07089473718519286,0.05682481174799038,0.056506357111828304,0.056763627375995045,0.056518530964599696,0.0575031317818748,,0.07147968940912704,0.056379542959932076,0.06932477526141949,0.06486702144972255,0.05977471594407227,0.05562310639737617,0.05458656629469701,,0.06582504669000183,0.05629726750165503,0.05402290278547721,0.054016666651331174,0.05574230266157947,2,0.1
0,0.07179576921094379,0.05750945090814403,0.05712948140777851,0.05736032884836755,0.057234058271924064,0.057643596966736314,,0.07207350558916427,0.05683099257605795,0.07086614224424556,0.06549474996895781,0.061098506646602914,0.05663303488246251,0.05567798893215865,,0.06668221965565402,0.056483570851612215,0.0546028825786838,0.05460318030468163,0.0556594126932481,3,0.1
0,0.06715927371204865,0.054887069037911226,0.05453815105123326,0.05476799814739773,0.05376722619895205,0.055292550132702546,,0.0720262769134135,0.05629807065229812,0.07068909144776946,0.06529751354601665,0.06052439153292136,0.05655683832974107,0.055300612899266105,,0.06699449454190914,0.05648229076115449,0.05431453897465225,0.054292301757654246,0.05531089415421007,4,0.1
