,Pers,LS,Lasso,Ridge,LAD,NN,FA-greedy-LAD,FA-fixed-LS,FA-lin-fixed-LS,FA-greedy-LS,FA-fixed-NN,FA-lin-fixed-NN,FA-greedy-NN,FA-lin-greedy-NN,v2FA-lin-fixed-NN,FA-lin-greedy-LS-1,FA-lin-greedy-LS-2,FA-lin-greedy-LS-5,FA-lin-greedy-LS-10,FA-lin-greedy-LS-20,iteration,percentage
0,0.02894761453884614,0.027898156889298968,0.027802448496221863,0.028012332845196896,0.026843634183760203,0.02971228400409344,,0.08055881333429969,0.04130935672030768,0.04633591260195977,0.04233654105252579,0.045356956609659736,0.03171500135313126,0.04596274400034961,,0.07834079718297486,0.03844290648087867,0.04413226820061072,0.042412692803896195,0.042344691209505333,0,0.1
0,0.026944808342766344,0.02584927186545274,0.025762317930874645,0.02598059113087187,0.024652347805864453,0.027806722794980705,,0.07826375603963755,0.04012384493098439,0.04560377922347649,0.04018706789162439,0.043719276914867725,0.03105249479733693,0.04527469625608329,,0.07672556543780809,0.03739079755259299,0.043391205720167574,0.041516399193117504,0.04148773230671803,1,0.1
0,0.025862637082198842,0.02477542572214166,0.024688315606568714,0.024917324971132568,0.02353624814051557,0.026760161098012276,,0.07662361700608918,0.03939950447040504,0.045624017639348036,0.03869778601455674,0.04374847270547522,0.03123454727382162,0.044077605611536584,,0.07672572124915993,0.03635933419695688,0.04264263124625087,0.041356391848723556,0.04133296085080411,2,0.1
0,0.02853411143555504,0.02753729921285062,0.02743000924668545,0.027639477096364884,0.02642040592401507,0.029400421531049523,,0.07752085334113262,0.04048119372886589,0.04564493476407387,0.039115723282490016,0.04441360421338292,0.031512686383930684,0.045202686104273956,,0.0769076594117298,0.03689240900087679,0.043124582602883564,0.04162518537851615,0.04155829255665848,3,0.1
0,0.026984640128736314,0.025938132240133062,0.02584972482869615,0.026068825709203828,0.024745487915211112,0.027945481112737768,,0.07714313495678252,0.03999796682805465,0.04490716962593056,0.039163570700412514,0.04375549982862562,0.03137401947241333,0.04462036030991019,,0.0770172689061634,0.0369568716185785,0.0429980051628798,0.041209525711228365,0.041152912405439314,4,0.1
