,Pers,LS,Lasso,Ridge,LAD,NN,FA-greedy-LAD,FA-fixed-LS,FA-lin-fixed-LS,FA-greedy-LS,FA-fixed-NN,FA-lin-fixed-NN,FA-greedy-NN,FA-lin-greedy-NN,v2FA-lin-fixed-NN,FA-lin-greedy-LS-1,FA-lin-greedy-LS-2,FA-lin-greedy-LS-5,FA-lin-greedy-LS-10,FA-lin-greedy-LS-20,iteration,percentage
0,0.3169862543882049,0.19106618078029403,0.19087088401310268,0.19084410301179805,0.19710787313997108,0.1642921290681199,,0.19457564624093823,0.19604739565413626,0.19399350725939463,0.16409150367823888,0.16669245270270855,0.16029016053738168,0.15680799979529805,,0.19148179824437028,0.18981807200106904,0.19000431517910468,0.18978603911845995,0.1896570999675667,0,0
0,0.30968992921699184,0.1905391681925871,0.1903892422785972,0.19037475225083605,0.1963795788783022,0.16639782124377173,,0.195056823375423,0.1937673280224743,0.1943664905888294,0.16333101601844183,0.16418488705322773,0.16044320895085695,0.1582838169664513,,0.19097524292820045,0.18975576762685611,0.1896547306732879,0.18958816082416616,0.18901670973827941,1,0
0,0.30944867384724334,0.1898602810107869,0.18970257365343124,0.18971970892817047,0.19588662512690105,0.16272293019382825,,0.19449497474172875,0.19411424537718064,0.193573566274678,0.1634991981502605,0.1632218900522052,0.16083207330658775,0.15709467236589256,,0.19114669543791432,0.18936947864786818,0.18995297257376856,0.18942648688331587,0.1887702700713689,2,0
0,0.3121995171640059,0.19065179570402518,0.19048620533813745,0.1904866646662832,0.19644734268504063,0.16324616925838148,,0.19518701226108073,0.19378797753516305,0.19394587923307402,0.16311580539115764,0.16340534223252923,0.16062096428443398,0.15719760487544326,,0.19104650109593768,0.18912522092692666,0.18954789992555593,0.1891678136318021,0.18874855130463578,3,0
0,0.3045787996084729,0.1895191620317696,0.1893533794921878,0.18935494692919613,0.19529901694573645,0.16215048749098346,,0.19437634536574966,0.19227819626383624,0.193367958374579,0.16150524190424212,0.16242552992551654,0.15979410516622597,0.15664424361191365,,0.1906099460022966,0.18900856326587492,0.18934900155557063,0.18909176881076548,0.1884475299851873,4,0
