,Pers,LS,Lasso,Ridge,LAD,NN,FA-greedy-LAD,FA-fixed-LS,FA-lin-fixed-LS,FA-greedy-LS,FA-fixed-NN,FA-lin-fixed-NN,FA-greedy-NN,FA-lin-greedy-NN,v2FA-lin-fixed-NN,FA-lin-greedy-LS-1,FA-lin-greedy-LS-2,FA-lin-greedy-LS-5,FA-lin-greedy-LS-10,FA-lin-greedy-LS-20,iteration,percentage
0,0.30925209963414135,0.1894286769703045,0.1893441748646259,0.189385961420251,0.1940254720050503,0.16202848556221935,,0.19345326799020787,0.1939895319159981,0.1913369732578963,0.1615826437739816,0.1655243002396661,0.15962429715793042,0.16256257649307188,,0.18781529117632986,0.19534537385955503,0.19327150230596693,0.1883349729813451,0.1881973354246456,0,0.1
0,0.31391518191113155,0.18913604971891712,0.18903693543131955,0.1891055876438672,0.19410188518796326,0.16216785489453894,,0.19448596036574117,0.19635747271806672,0.19178484898099535,0.16205663231253253,0.164920468036378,0.16018884648536696,0.16422642782716912,,0.18839422428352534,0.19495788781446194,0.19558986525477517,0.18876643284710332,0.18860821928710872,1,0.1
0,0.31169345539522436,0.18933009011445126,0.1892446106091725,0.18930815913721505,0.1942337603629492,0.1618941563687898,,0.1935507501925277,0.19417829354755528,0.19221391846743402,0.16201688857898544,0.16635546274764632,0.16012196282150687,0.162992108587134,,0.1884745161539367,0.19709588157167363,0.1935609179601966,0.18850554231424435,0.18833411867983404,2,0.1
0,0.30638023397526587,0.18928019286532105,0.1891930833801328,0.1892016195654751,0.1946541295861749,0.16116738035032174,,0.19418868929348498,0.19501828214397915,0.19193323053716307,0.16108093648321517,0.16487576781167362,0.16053899059431354,0.16214199076301,,0.18799599568173242,0.19539730976847916,0.19170511050322758,0.1880395251900345,0.18790002912831402,3,0.1
0,0.3096486489491098,0.18961168730876224,0.18950152718345417,0.1895522729433277,0.19436426786158756,0.1611386244760292,,0.19442490417899602,0.19632601397656144,0.19281532294946302,0.16206328356654356,0.16449808868782223,0.16038043881306968,0.1640707321413273,,0.1884894613710743,0.19511033478030348,0.19447845745328945,0.18879052146409045,0.188658131765407,4,0.1
