,Pers,LS,Lasso,Ridge,LAD,NN,FA-greedy-LAD,FA-fixed-LS,FA-lin-fixed-LS,FA-greedy-LS,FA-fixed-NN,FA-lin-fixed-NN,FA-greedy-NN,FA-lin-greedy-NN,v2FA-lin-fixed-NN,FA-lin-greedy-LS-1,FA-lin-greedy-LS-2,FA-lin-greedy-LS-5,FA-lin-greedy-LS-10,FA-lin-greedy-LS-20,iteration,percentage
0,0.2561994701747052,0.1714885529332891,0.17175634606499368,0.1714121196948506,0.17778590677025352,0.15500066900438628,,0.17867130750768806,0.17400476168902254,0.17782316961044559,0.1551091609141325,0.15567606299619466,0.15214725340580273,0.14968663630803805,,0.1730455266496894,0.17076287503775914,0.17081757495432243,0.16927341591989228,0.18163832191716656,0,0.1
0,0.25393218133355133,0.17110430169894295,0.17137003997537273,0.1710406928653894,0.1772017747578867,0.15260045142175982,,0.17669176277621287,0.1727442123482479,0.17669499028851188,0.15440831504935232,0.15321771896298692,0.15163033921042454,0.1492696559625169,,0.1718629953792056,0.1698647678854092,0.16980025914023844,0.16878247546117103,0.17811401414925465,1,0.1
0,0.25349476128915904,0.17134865953285028,0.17141906939763554,0.17115656432783405,0.17736666542970073,0.15328831204266244,,0.17957006883149343,0.1735990337178565,0.17666542734258914,0.1554251487626141,0.15542062423397945,0.15190531963157997,0.14997470934540416,,0.17227814079228998,0.1705726173572938,0.17027380321973437,0.1694575078264608,0.17700502493319598,2,0.1
0,0.2533577763179982,0.17000139918518586,0.1702332191309745,0.16994647443485708,0.17599414553633994,0.15264312905522237,,0.17938591010205157,0.17283576539047252,0.1777257459218688,0.1538653340515212,0.15466128433392679,0.1522418537511648,0.1499098769832392,,0.17190851575167396,0.17005323947281845,0.17034037896085344,0.1689587746761694,0.17554016633967476,3,0.1
0,0.25602861553693596,0.17062326072891573,0.17093691994151738,0.17062734560537055,0.17670616005684917,0.15379004468137467,,0.17959987939993433,0.1718067368942271,0.17636944720567085,0.15585353300082838,0.15508938143955123,0.15250383553610258,0.14976597088352572,,0.17271486116710338,0.17051520699148992,0.1703824151955832,0.16923968043153198,0.18062295998558722,4,0.1
