,Pers,LS,Lasso,Ridge,LAD,NN,FA-greedy-LAD,FA-fixed-LS,FA-lin-fixed-LS,FA-greedy-LS,FA-fixed-NN,FA-lin-fixed-NN,FA-greedy-NN,FA-lin-greedy-NN,v2FA-lin-fixed-NN,FA-lin-greedy-LS-1,FA-lin-greedy-LS-2,FA-lin-greedy-LS-5,FA-lin-greedy-LS-10,FA-lin-greedy-LS-20,iteration,percentage
0,0.18292718829509838,0.15766221956413168,0.15735652258819346,0.15751051982154618,0.1680151732372844,0.16338786991371668,,0.18050317591291987,0.1590651643035842,0.16760056269477894,0.16426621273942055,0.15842451271607247,0.1674997097450526,0.1622471094443045,,0.1721987398576514,0.1539389890725119,0.15207388067252314,0.14932676318079402,0.1491875918268071,0,0.1
0,0.18181203022668863,0.15707873322192797,0.15682701226671286,0.1569484554954267,0.16735846965254972,0.16120631903028732,,0.1816807127059438,0.15885104203715614,0.16714970216603295,0.16675272626061197,0.1581663217651321,0.16663911828490116,0.16417469704452925,,0.16919757270579472,0.1536305613116224,0.1542072289087652,0.1506830521010462,0.1504518031504873,1,0.1
0,0.1862699585928573,0.16008090635978256,0.15981243445001078,0.1599454999068368,0.1714851259735507,0.16247713557748786,,0.17966002390237043,0.160147313637249,0.166451722922591,0.1632638595633329,0.15749841725098268,0.16652212519483242,0.16248978705748607,,0.17187379459005883,0.1554216022341993,0.1576979898332885,0.15118332042902757,0.15068114610564762,2,0.1
0,0.18398736398429158,0.15750268537580275,0.1572275379858997,0.1573672887658456,0.1681600215363225,0.16319063774758472,,0.1815718843704398,0.1592854249331528,0.16617613991250405,0.163482772499781,0.15892153547091936,0.1677326484171656,0.16313219755864491,,0.1709870020106394,0.1565750600444008,0.15588159266026366,0.15049917245771824,0.15028131785867951,3,0.1
0,0.18298289010437296,0.1573052662550988,0.15705706013395127,0.15717679471952245,0.16794817848372526,0.16204496514172645,,0.18068455947017734,0.15997650880226674,0.16786070177307788,0.16479567707074957,0.1577215423365531,0.16936856303628114,0.16318329486788963,,0.17062320215140903,0.15690508987651944,0.15551691974319137,0.1510993310477869,0.15063956304483048,4,0.1
