,Pers,LS,Lasso,Ridge,LAD,NN,FA-greedy-LAD,FA-fixed-LS,FA-lin-fixed-LS,FA-greedy-LS,FA-fixed-NN,FA-lin-fixed-NN,FA-greedy-NN,FA-lin-greedy-NN,v2FA-lin-fixed-NN,FA-lin-greedy-LS-1,FA-lin-greedy-LS-2,FA-lin-greedy-LS-5,FA-lin-greedy-LS-10,FA-lin-greedy-LS-20,iteration,percentage
0,0.12485228055505372,0.09276142456713217,0.09237398404477007,0.09256913267710488,0.09910574885500449,0.09375464423545284,,0.11156739277823809,0.08961717160808269,0.10938909895308602,0.10381935558521901,0.09533479350296567,0.09245256341618927,0.08976877291561197,,0.09110955462642842,0.08600424927803144,0.08478298919278292,0.08478206786632767,0.08471484523220421,0,0.1
0,0.1330705449395454,0.09644620291111214,0.09597731597152082,0.09618106869129446,0.10427845957673956,0.09583076501277689,,0.11035083697835303,0.08891496671458882,0.10914637461526126,0.10213925100449678,0.09529193637145475,0.09268118434688262,0.08997770941762899,,0.09203559472649275,0.08600753821138868,0.08474151160764465,0.08467891590062605,0.08447170477691363,1,0.1
0,0.12985825239231466,0.09505518148073576,0.0946935864655075,0.09490325055691512,0.10235757436789195,0.09612522701018283,,0.10930011423666598,0.08876505998117842,0.10765942970101346,0.10308480172722913,0.09365969669330057,0.09109043824903237,0.08928869239820666,,0.09057939265752094,0.08544374282077578,0.08384851328596844,0.08380791638396731,0.08424001902734318,2,0.1
0,0.13355183661624526,0.0973059737296725,0.0968708230762881,0.09704476870394994,0.10534306545280263,0.09727040779746934,,0.11057059207679906,0.08932597667922433,0.1109977724597328,0.1044663580321206,0.09479531341720578,0.0926705439647406,0.09093883573549469,,0.0920094771657941,0.0866151241221463,0.08561411325646173,0.08565065899980386,0.08489057774259626,3,0.1
0,0.12215177607381233,0.09199867176386925,0.09166479576427837,0.09182913547028555,0.09812613217102989,0.0934370117465892,,0.11114839820539842,0.08902220762244674,0.11090239185828954,0.103713859950261,0.09521424864393077,0.09261097081809301,0.09058556497677109,,0.09243310649828815,0.08604614772382134,0.08487959772203481,0.08483101608349923,0.08430790859057155,4,0.1
