,Pers,LS,Lasso,Ridge,LAD,NN,FA-greedy-LAD,FA-fixed-LS,FA-lin-fixed-LS,FA-greedy-LS,FA-fixed-NN,FA-lin-fixed-NN,FA-greedy-NN,FA-lin-greedy-NN,v2FA-lin-fixed-NN,FA-lin-greedy-LS-1,FA-lin-greedy-LS-2,FA-lin-greedy-LS-5,FA-lin-greedy-LS-10,FA-lin-greedy-LS-20,iteration,percentage
0,0.17222667107466227,0.13593533748611397,0.13583565337158254,0.13592623646902632,0.14028203840242703,0.14267013016692462,,0.1572745555376644,0.14099788936980442,0.1598327900676273,0.15435979891653062,0.14163651914669165,0.14693253873538206,0.14996510130229476,,0.1513721636061922,0.18545396400909586,0.13512068610177888,0.1349680420603906,0.13507126285602536,0,0.1
0,0.1762549282110114,0.13734117112485325,0.13724744674502629,0.13739961233749554,0.142323030426723,0.14437868554292088,,0.15475740923243317,0.1406727515899555,0.1581427846586628,0.15254894850861345,0.14167959792093018,0.14646441151710493,0.14941210709842068,,0.15172465633576251,0.1707541014551115,0.13444135874563168,0.13441320074541357,0.13451684729628843,1,0.1
0,0.1800699428505599,0.13828373667004348,0.13822057210714447,0.13840885564790367,0.14400017885140926,0.14659337322530078,,0.15624778609574266,0.1407361426599691,0.1565819311048035,0.15273746191167784,0.14237808834305382,0.14500872441475357,0.14758606916264042,,0.15371511205613222,0.18632670117013525,0.13550671244796608,0.13547916560578868,0.1355819972752535,2,0.1
0,0.18685623674333612,0.1380952292047287,0.1379883392855002,0.13821665874301153,0.14521605306142626,0.14673931348988176,,0.1575195961586996,0.14006244607767912,0.15875313877703298,0.15310859362422166,0.14281036559493634,0.14459984173464233,0.15028846199334,,0.1524060144686076,0.18457494285676393,0.13550880381944588,0.13547606850620117,0.13557890252470345,3,0.1
0,0.18031103050838182,0.13752236910625218,0.13742755908819518,0.13762491490947362,0.1433005910698868,0.1459200762888311,,0.15733644115777104,0.14080678464673035,0.15985742312830928,0.1543624029738233,0.1418831851127896,0.14612193004295448,0.1449051055851411,,0.15230135315155727,0.182201252358646,0.13551039871973983,0.13548498064468187,0.1355878079039408,4,0.1
