,Pers,LS,Lasso,Ridge,LAD,NN,FA-greedy-LAD,FA-fixed-LS,FA-lin-fixed-LS,FA-greedy-LS,FA-fixed-NN,FA-lin-fixed-NN,FA-greedy-NN,FA-lin-greedy-NN,v2FA-lin-fixed-NN,FA-lin-greedy-LS-1,FA-lin-greedy-LS-2,FA-lin-greedy-LS-5,FA-lin-greedy-LS-10,FA-lin-greedy-LS-20,iteration,percentage
0,0.08428998032964181,0.06943866367727983,0.06833599924984195,0.06875563000658057,0.07271575577590995,0.07268204269290718,,0.12328229813947494,0.07296019597807751,0.06606951426804639,0.08401020453644029,0.08074783570721306,0.06940029325058623,0.07618987958583177,,0.07415823466983362,0.11892434899375523,0.08205246493377645,0.06145916805426488,0.09600470452912022,0,0.1
0,0.0800404812970349,0.06615456005486449,0.06508118371860194,0.0654642354544279,0.06878488375346795,0.07191227640873718,,0.12439472409297923,0.07178989172062021,0.06623980656408945,0.0820782835408154,0.07835645702100245,0.06810331610669444,0.07565985316308338,,0.0734989251944459,0.11842343116721116,0.0854307746977642,0.06026420042831662,0.0922842721984203,1,0.1
0,0.07884530253340272,0.0656634483769639,0.06458873794147552,0.06496043230149662,0.06828104871712268,0.07078428781427985,,0.12497657638414025,0.07273647731664593,0.06495319357441122,0.08162331305771783,0.0813204499574245,0.0683154048520581,0.07605174609731619,,0.07345004720972008,0.12076571552907561,0.07877185656533126,0.06060818276907088,0.09435728075604785,2,0.1
0,0.08097720194020831,0.06751964574110904,0.0664178830438697,0.06682020905518582,0.07013480872362347,0.07279080494928307,,0.12627118531263937,0.07409418392663089,0.06637462994380944,0.08599049172370272,0.08466770229137285,0.06836979857979157,0.07323201933707991,,0.07357577463614591,0.11293865721836217,0.07801740636250255,0.06128774667058275,0.09222479469896208,3,0.1
0,0.08787427011642654,0.07262790956413442,0.07148368055993706,0.07192605032507732,0.07611761470191677,0.07607597552089762,,0.12408250864194852,0.07338513552050777,0.0665408475784208,0.08326999504292461,0.08047518488198195,0.06898611127317296,0.07543524938173735,,0.07295550614732968,0.12094465494588164,0.08187395300363697,0.06179055693209295,0.09681131334753115,4,0.1
