,Pers,LS,Lasso,Ridge,LAD,NN,FA-greedy-LAD,FA-fixed-LS,FA-lin-fixed-LS,FA-greedy-LS,FA-fixed-NN,FA-lin-fixed-NN,FA-greedy-NN,FA-lin-greedy-NN,v2FA-lin-fixed-NN,FA-lin-greedy-LS-1,FA-lin-greedy-LS-2,FA-lin-greedy-LS-5,FA-lin-greedy-LS-10,FA-lin-greedy-LS-20,iteration,percentage
0,0.04706301032121285,0.04530960249538158,0.0447171608085982,0.044947965464541155,0.04609554821882855,0.045394720922747406,,0.07469314823047574,0.05166858906263972,0.028523782428730115,0.06013791126792262,0.05029883117152343,0.028858058630093893,0.04733700508108736,,0.08031215556370304,0.10616693989167282,0.06350707224551311,0.028480236039384425,0.07890516091390784,0,0.1
0,0.05007775802136906,0.0482279015055766,0.0476274279722582,0.04784233204910213,0.049046129535879474,0.0459447735294559,,0.07112792764022496,0.05015558971401001,0.030044931162046814,0.05588966986412171,0.048603749845399245,0.031021334760852136,0.04593040508452922,,0.07628415424522399,0.11877414555275981,0.06563598517373431,0.028464826322279195,0.07199004514852558,1,0.1
0,0.05275275309249899,0.05094970554725289,0.05034596868804855,0.0505790776641588,0.051993453602543,0.04865121389550197,,0.07330222318208571,0.05121741700362875,0.02858453054781212,0.05880795705256708,0.048776786283084114,0.03242759838662395,0.04908290709176017,,0.07792339820998474,0.11405325107991997,0.06856893605716831,0.025538043647861934,0.06879997014170228,2,0.1
0,0.0511108682114123,0.04922337237051188,0.04873481742917023,0.04895018305155971,0.05013107041275819,0.04905173148236886,,0.07335858785935995,0.05245108377339055,0.026675173110443293,0.05814319727264199,0.04966687965836753,0.028858355112012037,0.044456018897440004,,0.08093513806230926,0.11481720522191735,0.058817378731110814,0.023312586338253057,0.07408420523375321,3,0.1
0,0.03816787859562185,0.03655850072380846,0.035808141474198175,0.036107007188975866,0.03738672027697257,0.03677465746559589,,0.07052699657294563,0.0494406799879571,0.02596169078566657,0.05511024238879561,0.04826290897192463,0.029421005387915193,0.03925110273920395,,0.07610200069122192,0.10872243061824918,0.052332020298154876,0.02644258181681529,0.06798588479374928,4,0.1
