,Pers,LS,Lasso,Ridge,LAD,NN,FA-greedy-LAD,FA-fixed-LS,FA-lin-fixed-LS,FA-greedy-LS,FA-fixed-NN,FA-lin-fixed-NN,FA-greedy-NN,FA-lin-greedy-NN,v2FA-lin-fixed-NN,FA-lin-greedy-LS-1,FA-lin-greedy-LS-2,FA-lin-greedy-LS-5,FA-lin-greedy-LS-10,FA-lin-greedy-LS-20,iteration,percentage
0,0.11335765305135213,0.09440397034655994,0.09334522859644362,0.09365693387555805,0.09711454247211052,0.09872286372556865,,0.14763323880341572,0.10828492840306723,0.1557940971818339,0.12232906867024139,0.12211401102613033,0.10596768475373892,0.11389733622538181,,0.10839019458764847,0.17713477571555392,0.09668866169752785,0.09668740293252687,0.09650752447239132,0,0.1
0,0.11845117546051916,0.09745697022650356,0.09625532565203168,0.0966160846286633,0.10093984739545649,0.10086769193156887,,0.1502909093512027,0.10919741931544968,0.15334337674813187,0.1224912815443656,0.12319318189644074,0.10568413657272627,0.11409385696813083,,0.10743689110221254,0.17433710256999632,0.09614248698597792,0.09616266200839695,0.0959818001419727,1,0.1
0,0.11394701447793461,0.09380556016519875,0.09271612425280745,0.09300335902001396,0.09681488126368915,0.09839218739599757,,0.14615353045135693,0.1084282598837432,0.15091913623187375,0.11981768469909733,0.11936386659844149,0.10558719681530038,0.11228611755531866,,0.10771231921218039,0.17335030023428363,0.09567072210189408,0.09565742832006537,0.09547560938145852,2,0.1
0,0.1194691898834896,0.09730840495492399,0.09620515045061427,0.0965154207329323,0.10102049689189053,0.09939330374076454,,0.14781622321490961,0.10805039970373818,0.14985717964013223,0.12165550242118263,0.12236909832928676,0.10599134838045378,0.11267292446451897,,0.10636751670111803,0.18042046190606004,0.09669276258220984,0.09638345159991732,0.09620300481931948,3,0.1
0,0.12000233818339122,0.09673168976681741,0.09553579809579112,0.09586280042867519,0.10097972821796826,0.09895007185042294,,0.1496261575867209,0.10805477735696009,0.15391457050850205,0.12303458135511557,0.1210620703667788,0.10648010527044427,0.11401909038246219,,0.10861653695071015,0.1780299291449047,0.09686661754043385,0.09641214156563307,0.09623174858238874,4,0.1
