,Pers,LS,Lasso,Ridge,LAD,NN,FA-greedy-LAD,FA-fixed-LS,FA-lin-fixed-LS,FA-greedy-LS,FA-fixed-NN,FA-lin-fixed-NN,FA-greedy-NN,FA-lin-greedy-NN,v2FA-lin-fixed-NN,FA-lin-greedy-LS-1,FA-lin-greedy-LS-2,FA-lin-greedy-LS-5,FA-lin-greedy-LS-10,FA-lin-greedy-LS-20,iteration,percentage
0,0.009334274294680462,0.007613131744799034,0.007207774882870728,0.007373621366890516,0.0068121059495161295,0.010328312523596535,,0.05095289251718423,0.03190635034695107,0.009822168194641368,0.027403673656444794,0.037915644724074854,0.013023918589511966,0.020048877642019274,,0.07401585097035851,0.029492566028189365,0.01703906669262844,0.012882315988119267,0.048699511824714735,0,0.1
0,0.008961666868979427,0.007238018880875795,0.00681133776555413,0.006990603211628904,0.006349686076651433,0.010004072497650014,,0.050853289334818336,0.0319076734109612,0.009466493974351587,0.027114045929504667,0.03746304435133176,0.012877081807254581,0.020142567152192193,,0.0736128842868195,0.028144736623658708,0.017227736094269905,0.01286004089111174,0.04939688300722,1,0.1
0,0.009203246498679839,0.007501437158932623,0.007098889602763795,0.00726102946264363,0.006664290781424798,0.010259252635603441,,0.050819297401389976,0.0318608929435279,0.009704589673202075,0.02742994261124292,0.037614549053226344,0.012967102548545885,0.02035146243148166,,0.07396270224367127,0.02920365976148763,0.017432489525601048,0.012917032369757055,0.048825379377263785,2,0.1
0,0.009130125079627849,0.007418151447735085,0.007022662277855391,0.007180423939244639,0.0065996004740878945,0.010235993769032501,,0.049948768048935686,0.030941282575962396,0.009586996524323736,0.026797704353062283,0.03721953801199776,0.01280941314165629,0.01982900166904092,,0.07350944103739099,0.028167020047996847,0.016593001183323738,0.012648700546294338,0.049134211892026845,3,0.1
0,0.00962469502171667,0.007887750869166519,0.007505168532825487,0.007656164857776347,0.007071251976550865,0.010652211474450717,,0.049870049066109,0.0311824499679371,0.00957924487958507,0.027389155480116847,0.03691775187753405,0.012807045475938654,0.01985792723250127,,0.07240138911264407,0.028910114594940122,0.016869045993522097,0.012808931731084971,0.04782736804571085,4,0.1
