,Pers,LS,Lasso,Ridge,LAD,NN,FA-greedy-LAD,FA-fixed-LS,FA-lin-fixed-LS,FA-greedy-LS,FA-fixed-NN,FA-lin-fixed-NN,FA-greedy-NN,FA-lin-greedy-NN,v2FA-lin-fixed-NN,FA-lin-greedy-LS-1,FA-lin-greedy-LS-2,FA-lin-greedy-LS-5,FA-lin-greedy-LS-10,FA-lin-greedy-LS-20,iteration,percentage
0,0.06293127144602606,0.05511561324699882,0.05412019878328849,0.054552134125655585,0.05721354635372945,0.05519780796611684,,0.08589317568738258,0.06553830118436843,0.045041024297873315,0.07127214114379891,0.06557303091088315,0.04538972547520332,0.05665730598617613,,0.10255044347035651,0.12220079255294593,0.06539341397559628,0.03924117565771228,0.03921404616140511,0,0.1
0,0.05895785088760142,0.05171763458958503,0.050970084296234196,0.05131619115350331,0.053774299629017454,0.05270560394282053,,0.08555254026179752,0.06429659038336202,0.0458877879268974,0.07052124388494059,0.06342364447004992,0.046366059176158894,0.054610752668922395,,0.09857897410335964,0.12587767064921854,0.0658248061500324,0.04024248891088706,0.04003489581165405,1,0.1
0,0.05695634068071202,0.04943631443076413,0.048514017479399874,0.048847171493838486,0.05173522169290549,0.050741904779614155,,0.08436553312865364,0.062554251308807,0.043267152366710915,0.0697773480958881,0.06318543916147579,0.044760021960300614,0.060790523934604546,,0.09784950671911243,0.11987050291829884,0.0708649445164624,0.03939750067592712,0.039269270475986655,2,0.1
0,0.0686864390207968,0.06054295440555647,0.059714554210180716,0.06006878090363919,0.06324378713489104,0.05896557340287938,,0.08147167850121596,0.06253696579183401,0.043121592923709526,0.06802779457533359,0.06278368249823175,0.044721242199897954,0.05476635843438128,,0.10038574882238936,0.11132329000744132,0.0643397824043232,0.038458889322387765,0.03832452306509636,3,0.1
0,0.061882369203776204,0.05411658296849666,0.05320265712612788,0.05359857044028095,0.056080423443400335,0.05364743966711335,,0.08274001937934437,0.06188578830243227,0.04337558799376279,0.068614748279805,0.06229448931327121,0.04545678258381443,0.05652351516823556,,0.10055839644803012,0.11389689340848615,0.061529907442596996,0.038734305688881955,0.03854159810660053,4,0.1
