,Pers,LS,Lasso,Ridge,LAD,NN,FA-greedy-LAD,FA-fixed-LS,FA-lin-fixed-LS,FA-greedy-LS,FA-fixed-NN,FA-lin-fixed-NN,FA-greedy-NN,FA-lin-greedy-NN,v2FA-lin-fixed-NN,FA-lin-greedy-LS-1,FA-lin-greedy-LS-2,FA-lin-greedy-LS-5,FA-lin-greedy-LS-10,FA-lin-greedy-LS-20,iteration,percentage
0,0.06463218985297524,0.05469198660201127,0.05418485473737114,0.05435768023242831,0.053052901231228876,0.05814522358804854,,0.08954595556009691,0.06966615591334498,0.11912006510133664,0.07919765544965562,0.07898147550756904,0.06428842909427022,0.07160996807211661,,0.07009198076997095,0.08820464818175534,0.06012127149631499,0.0601251087081055,0.06006897360399449,0,0.1
0,0.06624183158638741,0.05628656698564995,0.055715166014736,0.05590829753345636,0.05470102721918471,0.059511622384642346,,0.09096433186507644,0.07045131863137595,0.11604960388625998,0.07940696648469804,0.07940946784138565,0.06456575045556714,0.07122419709067868,,0.06969703857046043,0.08703103262566193,0.06006709717868652,0.060027591564064064,0.059971456459953054,1,0.1
0,0.06465726572575842,0.05420172983702071,0.05369585948304092,0.05384941428190215,0.05277721737163896,0.05772735024927766,,0.08853439742392913,0.06985805688765998,0.11526963451001399,0.07799315288380561,0.07721489855897376,0.06463223800684556,0.07101590397682331,,0.07021559143621049,0.08770213361879198,0.06013197947338723,0.060105465264817096,0.060049330160706085,2,0.1
0,0.06678231754528252,0.055987744754094064,0.05537834816083062,0.05556821107647261,0.054716911612253574,0.058704328157615074,,0.08947773047232267,0.06993432695993773,0.11494185960775533,0.07905274091539667,0.07893727294859665,0.06421516179960277,0.07027052439041026,,0.06883049578539593,0.08969734599845708,0.06017600082730304,0.0600633998489701,0.06000726474485909,3,0.1
0,0.06692563763463603,0.0560562590123962,0.05546290050923205,0.05565086908028821,0.054791530485852,0.05856282277646425,,0.09067448714011546,0.06959295893035188,0.11779594669335253,0.07949572479160444,0.07852804465607433,0.06501600076571895,0.07127373848377273,,0.07026497135565708,0.09063544420794277,0.06084710800073006,0.060641287559457586,0.060585152455346576,4,0.1
