,Pers,LS,Lasso,Ridge,LAD,NN,FA-greedy-LAD,FA-fixed-LS,FA-lin-fixed-LS,FA-greedy-LS,FA-fixed-NN,FA-lin-fixed-NN,FA-greedy-NN,FA-lin-greedy-NN,v2FA-lin-fixed-NN,FA-lin-greedy-LS-1,FA-lin-greedy-LS-2,FA-lin-greedy-LS-5,FA-lin-greedy-LS-10,FA-lin-greedy-LS-20,iteration,percentage
0,0.027450111869429583,0.022741655493167146,0.02225320571564673,0.02252653784938469,0.021953221482458863,0.02573026339489262,,0.048646156052456604,0.03698798881286865,0.02230102746425906,0.04332766968189443,0.0418194452521604,0.02448833316122219,0.029349749045319517,,0.06748269196290864,0.05368373854987425,0.025055879168037285,0.020800947265663217,0.02078741769144471,0,0.1
0,0.026866556649738933,0.021924605527077215,0.021540362195933273,0.02175171271371865,0.02123484516355593,0.0250065129142355,,0.0477777004118319,0.0362537347192759,0.022185998361457234,0.042557531188869756,0.04045047616642281,0.024195401139134026,0.029260605027250548,,0.06387443322619112,0.05430997926714481,0.024759511000353354,0.020599556982202463,0.020556923307736227,1,0.1
0,0.026808390718474368,0.022066105557203626,0.02157714495937289,0.021836219542746765,0.021340477057468808,0.025180737978369193,,0.04778277347641599,0.03545803094888546,0.021815404940222282,0.04290015435532572,0.04062592081654044,0.024093405765326516,0.03013635161605291,,0.06346487438938149,0.05281935506119371,0.025642006990823106,0.020693114564488208,0.020670322686556972,2,0.1
0,0.027474593107106274,0.022651937661371923,0.022171020128849347,0.02243180300041972,0.021926595085655504,0.025532888544143373,,0.04577205317211419,0.035577232993919405,0.021372969310857855,0.041576779812283346,0.04015070770984538,0.023653503679977657,0.02892658668589632,,0.06532034682391842,0.04884809886735985,0.024338115072487,0.02011324597647622,0.02008479471906712,3,0.1
0,0.027207643949259668,0.02252133561540044,0.022047449567519507,0.022307185686609946,0.021626512232717755,0.025527623207003903,,0.04710173885763566,0.03516011889449095,0.021569547775826564,0.04228479136005669,0.040165104468417874,0.023945764060978578,0.028993952495733794,,0.0656741251743872,0.050220189177779345,0.023954873213460928,0.020441846451226407,0.020399326671973927,4,0.1
