,Pers,LS,Lasso,Ridge,LAD,NN,FA-greedy-LAD,FA-fixed-LS,FA-lin-fixed-LS,FA-greedy-LS,FA-fixed-NN,FA-lin-fixed-NN,FA-greedy-NN,FA-lin-greedy-NN,v2FA-lin-fixed-NN,FA-lin-greedy-LS-1,FA-lin-greedy-LS-2,FA-lin-greedy-LS-5,FA-lin-greedy-LS-10,FA-lin-greedy-LS-20,iteration,percentage
0,0.041968448755049965,0.03435631363184071,0.03374787178372504,0.0340361284982869,0.03342431702327093,0.041660873150215896,,0.06846745778318178,0.04356755881441859,0.03603916824417891,0.05375284963981344,0.052098425723125126,0.03988082250414488,0.04454187320473414,,0.04630178610768351,0.061123145736069466,0.03921392818726523,0.03489853899651398,0.049486537303448264,0,0.1
0,0.04199119231933939,0.03432492792907973,0.033741103126033296,0.034009016225102225,0.033412002894149105,0.04199114746045768,,0.06811147583544669,0.04290377525292862,0.03572084871120608,0.05224350903129589,0.05097176021159361,0.03889347589154343,0.044486467859570326,,0.04594024258276363,0.06146096689392675,0.039909307431155464,0.034459980286776236,0.048584960215363224,1,0.1
0,0.04117693906980857,0.03376561608141634,0.03314458296147574,0.03343246190368114,0.03286113539096422,0.04124686278193036,,0.0683930746957691,0.04376354768400712,0.0358737979951465,0.05271147763863968,0.05244474316170255,0.03945567899929401,0.04441217593837754,,0.045555980690123184,0.06215614783150965,0.038970060931271394,0.03466685220841485,0.04952340000242519,2,0.1
0,0.041341826739905635,0.03426415104420945,0.03367488224006926,0.03392723280479404,0.033214569014977706,0.041825718304678565,,0.07043909061093734,0.044258226490036745,0.03616299797564686,0.054510966318935566,0.05433230839495625,0.03952620780520633,0.04441420289153352,,0.045888805171423644,0.058764175082121686,0.03918659000756216,0.03490687204759927,0.04820318297985673,3,0.1
0,0.04282090957421143,0.035334496349805476,0.034746257813947544,0.03499365144089098,0.034547150394894706,0.04279656744263101,,0.06804031544008421,0.043615194656252375,0.03584305317238814,0.05282829320557205,0.05167772985385622,0.03952261792941565,0.04381905408956292,,0.045463652340306235,0.06189396143023972,0.03998563135363258,0.03506508888738102,0.05015782132250572,4,0.1
