,Pers,LS,Lasso,Ridge,LAD,NN,FA-greedy-LAD,FA-fixed-LS,FA-lin-fixed-LS,FA-greedy-LS,FA-fixed-NN,FA-lin-fixed-NN,FA-greedy-NN,FA-lin-greedy-NN,v2FA-lin-fixed-NN,FA-lin-greedy-LS-1,FA-lin-greedy-LS-2,FA-lin-greedy-LS-5,FA-lin-greedy-LS-10,FA-lin-greedy-LS-20,iteration,percentage
0,0.02361803399088512,0.021915422125436658,0.021189471935835636,0.021442494366592728,0.02213263303077984,0.023405419432385954,,0.07823501088524587,0.05345117573939413,0.024271889656817435,0.047832220100927546,0.05699799950384089,0.029568490447827115,0.03885643182676346,,0.10227247344344147,0.07973923561349815,0.05279413140326131,0.025927915145038075,0.09678592010502493,0,0.1
0,0.020258659906818806,0.018254618465937438,0.01755297135013401,0.01772229436355232,0.01830045938359879,0.02046485119196264,,0.0783266066849393,0.05276987222737684,0.021892258733986723,0.046749455715821196,0.05605902035962713,0.029673740300682618,0.04000027170217425,,0.10122426011499897,0.07485593984301551,0.05504967348189167,0.0280022596795064,0.09692072348924954,1,0.1
0,0.02142994517515455,0.019649882148934584,0.018846858997305635,0.019082299604809942,0.01980097933809678,0.02151734994436129,,0.07844662635076582,0.05349630874858111,0.02376669895439166,0.04795647420288395,0.056332118990533094,0.02936150569630433,0.04040645555686413,,0.1023558479509907,0.07745415675397592,0.056193642694072454,0.02871214963012009,0.0965432247508325,2,0.1
0,0.022444573250731487,0.020653533987022386,0.019869045453698195,0.020119751832226435,0.020862670891560665,0.02226364524930106,,0.07656847367530022,0.05146047730327767,0.023051186457222383,0.04509649317803066,0.05578654394056533,0.02883440374312178,0.03892289973315663,,0.10144439998667949,0.07728279217327742,0.052943712000760805,0.02689702395043567,0.09693862378464956,3,0.1
0,0.026142695699424914,0.02456829894998622,0.023864552115333323,0.02411964534063707,0.024763431394426886,0.025949790637803304,,0.0768541563806006,0.05208612278518798,0.022526825940410163,0.04728989774691249,0.05520361645416023,0.028625654525441708,0.03816009198955494,,0.10015008791029191,0.0767052929563489,0.05134996958860104,0.027286018200541932,0.09551205073890452,4,0.1
