,Pers,LS,Lasso,Ridge,LAD,NN,FA-greedy-LAD,FA-fixed-LS,FA-lin-fixed-LS,FA-greedy-LS,FA-fixed-NN,FA-lin-fixed-NN,FA-greedy-NN,FA-lin-greedy-NN,v2FA-lin-fixed-NN,FA-lin-greedy-LS-1,FA-lin-greedy-LS-2,FA-lin-greedy-LS-5,FA-lin-greedy-LS-10,FA-lin-greedy-LS-20,iteration,percentage
0,0.08564326988439858,0.0783154475470834,0.07826605928037247,0.07823337232878709,0.07669527643717433,0.08414151830803704,,0.0986033043927816,0.08137295736833958,0.08752256170874095,0.09747096261270245,0.08566569337870447,0.09212859437176465,0.08700476092994262,,0.10191386389928295,0.08490550098974377,0.0770418399158774,0.07563894506928297,0.07561903164749585,0,0.1
0,0.08686312730017443,0.07940814816254001,0.07935650462577976,0.07936205913297337,0.07731510993678802,0.0858991119434794,,0.09793726962198578,0.08191848890927293,0.0869558655207291,0.09739437546589301,0.08693863374829545,0.09190605378948749,0.08642724574686912,,0.10085530236930502,0.08552381132731648,0.07803241535231067,0.07616033002877604,0.07586561345726829,1,0.1
0,0.08835629449000611,0.07942978299352646,0.07938047385380449,0.07935951174473625,0.077820968036528,0.08526158697928662,,0.09770477322323844,0.08169735798573914,0.08932659425364993,0.09723223823061096,0.08638209490425564,0.09229865004327621,0.08697845207331774,,0.1016280694725534,0.08730259968033693,0.07804862551089084,0.07619488341325481,0.07617673106035731,2,0.1
0,0.08524423081911899,0.07812439427745232,0.07810312384886199,0.07820642071939825,0.07613393772112743,0.08469193255175934,,0.09803000678976154,0.08315138962242596,0.08883194312237414,0.09784738817307817,0.0871800688474381,0.09209144008542436,0.08766719346632047,,0.10376031017284831,0.08507684017668056,0.07748443346842351,0.07655649382781117,0.07653658040602405,3,0.1
0,0.08464229812260808,0.0782098027409438,0.07816014306649903,0.07816769782575081,0.0758471890360419,0.0840913459189584,,0.09999594121537496,0.0820700870747548,0.08806992204955279,0.09930211691182489,0.0860354909090951,0.09212349788171857,0.08696030064972304,,0.10124014628393893,0.08543981936980466,0.07775839864391053,0.07632915963311658,0.07630924621132947,4,0.1
