,Pers,LS,Lasso,Ridge,LAD,NN,FA-greedy-LAD,FA-fixed-LS,FA-lin-fixed-LS,FA-greedy-LS,FA-fixed-NN,FA-lin-fixed-NN,FA-greedy-NN,FA-lin-greedy-NN,FA-lin-greedy-LS-10,iteration,percentage
0,0.08341245183685299,0.0757703059313791,0.07571877941118073,0.07567519005558779,0.07870186307492723,0.07438875972841903,,0.09378744406157088,0.07164659517181936,0.06058170498688936,0.090610256545048,0.07616715117749787,0.06142070236182813,0.06427344384591197,0.05730808503773163,0,0
0,0.09012756160880277,0.08120885546136186,0.08115644241767636,0.0811058205156657,0.0848425627706889,0.07999260275153615,,0.09738182823135087,0.07344631021801468,0.0605687788974254,0.09286698870393034,0.07520167985611281,0.06138755406637065,0.06570052365432383,0.058352890762175584,1,0
0,0.08248342298435096,0.07504068285157237,0.07499167237413734,0.07494349322054941,0.0782489979068584,0.07381576464058454,,0.09310618387558248,0.07329420718132784,0.06163457619474246,0.09031840414347364,0.07594518563463049,0.06141728217212807,0.07197079425154142,0.058804242890032964,2,0
0,0.07918987736167454,0.0712172138577125,0.07116985110462272,0.07111638435913191,0.07451974933505752,0.0705710747383717,,0.09411854440796787,0.07348030398862554,0.06171261825410276,0.0909217353524227,0.07640076830166975,0.061884418831684745,0.06600574948708292,0.05747344701958803,3,0
0,0.0697820933970159,0.06256871289867144,0.0625117931663126,0.06248304877130874,0.06516956889863276,0.06202193904819568,,0.09321248474668589,0.07179603663891482,0.06084097748217766,0.09060750284859838,0.07542315697608211,0.06021919405091437,0.0678535802498546,0.05805177989697473,4,0
