,Pers,LS,Lasso,Ridge,LAD,NN,FA-greedy-LAD,FA-fixed-LS,FA-lin-fixed-LS,FA-greedy-LS,FA-fixed-NN,FA-lin-fixed-NN,FA-greedy-NN,FA-lin-greedy-NN,FA-lin-greedy-LS-1,FA-lin-greedy-LS-2,FA-lin-greedy-LS-5,FA-lin-greedy-LS-10,FA-lin-greedy-LS-25,iteration,percentage
0,0.039663478510061884,0.035646572997559564,0.03560306610624626,0.035625362000009306,0.03596320668338265,0.03719634877148712,,0.05029453074412861,0.08016589683669703,0.036139756129620434,0.050907209268851734,0.08421173030593332,0.040386054040268425,0.05020166435283612,0.04624330644686712,0.04950969591574587,0.05973648223470206,0.046968287325617954,0.04328016528223946,0,0
0,0.03720712421025375,0.03309363514088951,0.03306191190751855,0.033078541799303356,0.03344246719213022,0.03467527510299953,,0.04666578603697664,0.08070856733501564,0.036167684838769504,0.048466565014095776,0.08059126419817252,0.03941079501778078,0.05128243358436779,0.04711432002817469,0.0516029952961022,0.06380938224908225,0.04878505412376294,0.04544685333938766,1,0
0,0.038456767809513355,0.034750298595855704,0.03469968486971524,0.03472687765568742,0.035056018135719964,0.036255948125994246,,0.05145040749376768,0.08381116250425315,0.03700159465571102,0.05230921811557722,0.08670774691742968,0.040417150584934905,0.05218875320562275,0.048482992937478625,0.05244918653226994,0.06244332152649349,0.04909661734654017,0.04644517507674719,2,0
0,0.03629350881159024,0.032675217363590116,0.03263123965921825,0.032660212992248465,0.032823842070684235,0.03425343949328211,,0.04823318093725642,0.08212313240229958,0.03584602714942699,0.04901007965496093,0.08295367120311425,0.039368437949462716,0.05049795828051794,0.046984200848165895,0.04982992274224288,0.059588720686952514,0.04762159115828786,0.04404208049527719,3,0
0,0.037125588492809926,0.033255935493842,0.033208461619515996,0.03323580631325385,0.033466911800615236,0.03483719075597604,,0.04794990694912788,0.0854013415902824,0.0370039186097105,0.04951472726121246,0.08513792572126705,0.040231069713464615,0.05247876195479184,0.04869689900714592,0.05286302159620228,0.06435120664135545,0.049530440969024155,0.045787330903847456,4,0
