,Pers,LS,Lasso,Ridge,LAD,NN,FA-greedy-LAD,FA-fixed-LS,FA-lin-fixed-LS,FA-greedy-LS,FA-fixed-NN,FA-lin-fixed-NN,FA-greedy-NN,FA-lin-greedy-NN,FA-lin-greedy-LS-10,iteration,percentage
0,0.038282759030774514,0.034588189355805196,0.03452853711483041,0.03456928898028734,0.03459762320239624,0.036043871303001455,,0.05931215756774464,0.04448410085663055,0.03557678658303436,0.05662425072724779,0.05061533284359078,0.034982310773719265,0.0368124098212536,0.03242133413420978,0,0
0,0.040467943112180146,0.03660868865251018,0.03655707314598696,0.0365883703253324,0.036981554445815044,0.03813746684033597,,0.06117638564696666,0.046052779075307346,0.03610432860231277,0.05798951727373539,0.05049036350001277,0.035106701527523876,0.03751228979219275,0.03318254706862354,1,0
0,0.03891891430797006,0.03554006517959141,0.03548217643611525,0.03552294642653123,0.03569574472466052,0.03695189321557623,,0.05832863966449255,0.04600602640520434,0.03638405266496267,0.05603792501030811,0.05059021458926909,0.03499880811963518,0.03885467054401642,0.0335586025439447,2,0
0,0.0381582098274584,0.03442376075172071,0.03437320570703233,0.034406976600869846,0.034631531603591365,0.036159598209441916,,0.059739425249563605,0.04625782582375562,0.0362478693139244,0.05704089455396125,0.050618803814807586,0.03542231417351813,0.03792934894207565,0.03289006642060323,3,0
0,0.03674461509988283,0.03325895960274666,0.033194603109082295,0.033238050645230194,0.033284489479129,0.03468302720371204,,0.05898030269244602,0.04543942211209664,0.035991722886288824,0.05647583031361762,0.050300228354322796,0.03462261377785246,0.038033958100710585,0.033198270106564384,4,0
