,Pers,LS,Lasso,Ridge,LAD,NN,FA-greedy-LAD,FA-fixed-LS,FA-lin-fixed-LS,FA-greedy-LS,FA-fixed-NN,FA-lin-fixed-NN,FA-greedy-NN,FA-lin-greedy-NN,v2FA-lin-fixed-NN,FA-lin-greedy-LS-1,FA-lin-greedy-LS-2,FA-lin-greedy-LS-5,FA-lin-greedy-LS-10,FA-lin-greedy-LS-20,iteration,percentage
0,0.07564915824646527,0.0678678897142629,0.06782429969818846,0.0677797952800679,0.07074319649128567,0.06739834751171585,,0.09531555402756531,0.06833474242369018,0.06174589144172822,0.09255913597415827,0.0714020235985649,0.061505328100395044,0.10779988540467844,,0.12857034587550656,0.10154099554149913,0.07869046817978287,0.05867497159167741,0.057522095065153524,0,0
0,0.07849079215799705,0.07074839791648521,0.07069164934766776,0.07064441222161151,0.07393366904616161,0.06955382918923167,,0.09430724041413698,0.06811817210999782,0.060563850484343054,0.0909160110145354,0.07029565267026268,0.06018327962995259,0.09523558951218668,,0.12437910275981273,0.09585343851174681,0.07597933007089958,0.05679116406271636,0.05678207636471662,1,0
0,0.08640761170254731,0.07776593292585494,0.0777289230433832,0.07765871482791169,0.08144391659600524,0.07675209646260128,,0.09407265927764887,0.0682536088865247,0.06526044099453225,0.09222462325963587,0.07239990031686692,0.06402380560079751,0.10725929149957687,,0.13121980544747833,0.10385157346552419,0.08041214067630621,0.06050906305807303,0.060289781410975775,2,0
0,0.07327889286746785,0.0662033166281661,0.06615217101943495,0.06610214698794485,0.06927545167011374,0.06572661687175416,,0.09430773041718866,0.06832194117025214,0.060313016561864795,0.09007987917025327,0.06980572068945898,0.060768962709662824,0.09973345873393523,,0.12938955890320764,0.09573766607682878,0.06839897287750973,0.057131523388603875,0.05667719875104961,3,0
0,0.0759345116984673,0.06872932276262818,0.06871280810768139,0.06864383185702866,0.07153376142461747,0.06790006894698947,,0.09945640942796069,0.0710823380924303,0.06477218091227745,0.09396182291416394,0.07300743153301982,0.06533760217579854,0.09878375142184316,,0.12868471231740095,0.09458212291829719,0.07345889524305356,0.0597681245901962,0.05977911019497843,4,0
