,Pers,LS,Lasso,Ridge,LAD,NN,FA-greedy-LAD,FA-fixed-LS,FA-lin-fixed-LS,FA-greedy-LS,FA-fixed-NN,FA-lin-fixed-NN,FA-greedy-NN,FA-lin-greedy-NN,v2FA-lin-fixed-NN,FA-lin-greedy-LS-1,FA-lin-greedy-LS-2,FA-lin-greedy-LS-5,FA-lin-greedy-LS-10,FA-lin-greedy-LS-20,iteration,percentage
0,0.03968001357250531,0.03612796254670753,0.03605811476244118,0.036110295836776586,0.03628601865046676,0.03768019078487543,,0.058334866748075025,0.04196872519187969,0.036524138433583035,0.055966684361523925,0.04689450315341397,0.035255140745830735,0.0518899615264575,,0.08932355809181701,0.04892911244126163,0.037776717808931784,0.03294726928464026,0.03265416896021771,0,0
0,0.036485474405370144,0.03304584624170287,0.03298044247915189,0.0330291261974174,0.03311833497175832,0.03456818585612188,,0.05819518185660952,0.041921222750680116,0.03612588850833628,0.055732718422328346,0.04571788123500446,0.034662074609292146,0.051434110874808314,,0.09117707362708248,0.04792232521404568,0.03747157149442182,0.032986518435434986,0.032740095922116,1,0
0,0.03784427442811475,0.03423648621519157,0.03418004721230827,0.03421890514087349,0.0344020859624742,0.03569365581840458,,0.061488660245755264,0.04240959226509796,0.036267908962059274,0.05721167042384292,0.04652521249818192,0.03500695662894315,0.05395257024099509,,0.0893446158581392,0.050834065212777904,0.037851129424365235,0.032684590310315474,0.032648964379634327,2,0
0,0.03634144631480802,0.03304550024246827,0.0329830326992645,0.03302963159824788,0.033061165739225525,0.03449940085654316,,0.060338794650034805,0.04106573728757576,0.0357723784804117,0.05699515225892144,0.04598890886922265,0.03546771092205729,0.05205202633334841,,0.08933277606214073,0.047882786789709426,0.037033312565377896,0.032021848608295246,0.031972720822423306,3,0
0,0.036973429694969036,0.033433839751103284,0.03337098495622343,0.03341117423156297,0.033675706468608076,0.03494028731772689,,0.05912787497188902,0.041877609138060795,0.0363396238245642,0.056446202835463026,0.0470217283191436,0.03506685246069473,0.05379420689865364,,0.08960076269027993,0.05034302939722862,0.038146602725549955,0.03397325379857256,0.03336357273246186,4,0
