,Pers,LS,Lasso,Ridge,LAD,NN,FA-greedy-LAD,FA-fixed-LS,FA-lin-fixed-LS,FA-greedy-LS,FA-fixed-NN,FA-lin-fixed-NN,FA-greedy-NN,FA-lin-greedy-NN,FA-lin-greedy-LS-1,FA-lin-greedy-LS-2,FA-lin-greedy-LS-5,FA-lin-greedy-LS-10,FA-lin-greedy-LS-25,iteration,percentage
0,0.08884671881778901,0.0804016008184714,0.0803730965775864,0.08029853388738345,0.08380930816856584,0.07984761067023106,,0.09060184057411322,0.14589615503402042,0.05936108277088087,0.08513782832567668,0.15304283644745342,0.07619866367446139,0.08428121009515584,0.07266343248634383,0.0936429180050859,0.1218620777766271,0.08885450146826394,0.08349649661328266,0,0
0,0.07520236931971538,0.06736729911283763,0.06734621821887654,0.06727159622902561,0.07050070467537402,0.06666096139940177,,0.08429049387392647,0.1482051531595519,0.061137868757507256,0.08142927257013899,0.14674249269374637,0.07537268606333809,0.09025279231434408,0.07563451869355127,0.1019486649356984,0.1342328313297602,0.09226119382386089,0.08972198364027682,1,0
0,0.07861046677588293,0.0710148044731063,0.07096994385233117,0.07091063217607402,0.0741235980826537,0.06986047583709092,,0.09354791392428324,0.1494958779558097,0.061811235074655926,0.08788712430364833,0.1543083097618096,0.07626811512770763,0.09052729911638527,0.07712168449130853,0.10180440115814798,0.13066029556444014,0.09412863440761464,0.09153756673079173,2,0
0,0.07119792207644897,0.06364745728266058,0.06362277447348168,0.06356775082315498,0.0664954814494458,0.06347205703134992,,0.08383853804204291,0.1496067099100071,0.059409712827490864,0.07928705168814378,0.1504845113196531,0.07428453079992753,0.08937599400962852,0.07520952554099312,0.0970661513569778,0.12268056293061592,0.09071216424015693,0.08746146706518206,3,0
0,0.0739092128219344,0.06642029465301458,0.06638180372336686,0.06633417744716205,0.06914619114599396,0.06612155635894404,,0.08491750056973757,0.15481050265195948,0.061959735376614845,0.07981165571371711,0.15515754574726537,0.07624866897710539,0.09302929742786849,0.07906211779512909,0.10535236624827303,0.13856625756954208,0.09495763537582508,0.09157032856794485,4,0
