,Pers,LS,Lasso,Ridge,LAD,NN,FA-greedy-LAD,FA-fixed-LS,FA-lin-fixed-LS,FA-greedy-LS,FA-fixed-NN,FA-lin-fixed-NN,FA-greedy-NN,FA-lin-greedy-NN,v2FA-lin-fixed-NN,FA-lin-greedy-LS-1,FA-lin-greedy-LS-2,FA-lin-greedy-LS-5,FA-lin-greedy-LS-10,FA-lin-greedy-LS-20,iteration,percentage
0,0.0591975406236497,0.05307703970221682,0.05300124504039297,0.05293176564870961,0.052936081285208866,0.05679260592698446,,0.07578201801194201,0.05670529996686279,0.058772498679368755,0.07277742816134226,0.06153738408574971,0.05604668661014644,0.05868896471701512,,0.09884174809577315,0.06486526437806178,0.05204234597919384,0.049855642302741435,0.04982793992971827,0,0
0,0.056504491452264376,0.05129553155387874,0.05121105201741475,0.051065243190244324,0.05091723266248883,0.05441367733870017,,0.07320326024921572,0.056430698984546585,0.05743475090292038,0.07070516703429555,0.06176467861550502,0.055369170099584995,0.058617586186327834,,0.10041988486921406,0.06607560665381466,0.05194759093059907,0.05011309049158073,0.050091762950394185,1,0
0,0.05696156144902429,0.05166236856195415,0.051592763066219134,0.05154137027405841,0.05121266253538448,0.05522035126958302,,0.07343991430829262,0.05740125433571528,0.05797678610072254,0.07216798664727901,0.062451302243762705,0.05544686767912937,0.058479344719403234,,0.09862301738151318,0.06475955563633963,0.05224905311401014,0.04961643146648357,0.04960943998439619,2,0
0,0.05578338463468495,0.0503047342514917,0.050218168785995845,0.050140997871726455,0.04983102219332274,0.053993828888710925,,0.07539178909405994,0.056418435840663514,0.05748679234987717,0.07310890218461241,0.060204676318155036,0.05519566760363303,0.056473631999194335,,0.09903554953413522,0.06317186209620482,0.050892825877274776,0.048765357158995055,0.04875836567690767,3,0
0,0.0573619427205302,0.05192659556516777,0.05184647087749745,0.05177038379625125,0.051398358212834186,0.05515500547303816,,0.0750995045114941,0.05681754698119278,0.057023535730541135,0.07245363688169584,0.06140732904788802,0.05585818671789842,0.0573321226656713,,0.09918671745690345,0.06549929378868406,0.051495448774995844,0.04958506355979877,0.04957132999221483,4,0
