,Pers,LS,Lasso,Ridge,LAD,NN,FA-greedy-LAD,FA-fixed-LS,FA-lin-fixed-LS,FA-greedy-LS,FA-fixed-NN,FA-lin-fixed-NN,FA-greedy-NN,FA-lin-greedy-NN,v2FA-lin-fixed-NN,FA-lin-greedy-LS-1,FA-lin-greedy-LS-2,FA-lin-greedy-LS-5,FA-lin-greedy-LS-10,FA-lin-greedy-LS-20,iteration,percentage
0,0.04254251045792102,0.038883268155001156,0.03863450110218447,0.038791053144822646,0.03861839502888984,0.03886388546694335,,0.0640752746636668,0.0427808651574175,0.044155552956273984,0.05219811806017715,0.04378845727523908,0.039077095645256806,0.04618889774775081,,0.10354066363487349,0.04415008525408772,0.03746887653150442,0.03622718019072336,0.03621585907339943,0,0
0,0.04111815953378296,0.037500537689949105,0.037259313437797384,0.03741557888194885,0.03731220821084705,0.03757278249574546,,0.06419686889966093,0.042372821612494754,0.04417581441184506,0.05148031436013224,0.043419859105438184,0.03875651738252158,0.04605014196607818,,0.10335129624962286,0.04301312959290041,0.03723569959897477,0.035935210906913914,0.03592836803678213,1,0
0,0.04134216380164068,0.03759833472948895,0.037346519843470705,0.037503209305105936,0.037502744812039863,0.03741733617330955,,0.06418675370746763,0.04225171209040259,0.044174640448157,0.05187662345934241,0.04272405582240303,0.038886586673510935,0.0460172915981334,,0.1026311525827984,0.04368846968763876,0.037273899678271875,0.0359571783089023,0.035901664700902725,2,0
0,0.04138808773031626,0.03792756635663017,0.037673141658084816,0.03784002004292952,0.03754377436554831,0.03808309546746107,,0.06386296804570847,0.04207539797163685,0.044277915840346564,0.050770528396119737,0.04292889193550621,0.03854232253039727,0.047668701754928385,,0.10372399470482442,0.045000746121570546,0.03817407517269289,0.03623297853465074,0.03622613566451895,3,0
0,0.040658283256532916,0.03713639722378291,0.03688121437879108,0.03704573338563078,0.0368295545185317,0.03694376981984515,,0.06486258339252787,0.04195709973855976,0.04360113322712143,0.05197326646146749,0.04356569162726441,0.03854068441188878,0.045029046686385674,,0.10529244707986904,0.042711224089160824,0.036675889130275904,0.03556438426584891,0.03555754139571713,4,0
