,Pers,LS,Lasso,Ridge,LAD,NN,FA-greedy-LAD,FA-fixed-LS,FA-lin-fixed-LS,FA-greedy-LS,FA-fixed-NN,FA-lin-fixed-NN,FA-greedy-NN,FA-lin-greedy-NN,v2FA-lin-fixed-NN,FA-lin-greedy-LS-1,FA-lin-greedy-LS-2,FA-lin-greedy-LS-5,FA-lin-greedy-LS-10,FA-lin-greedy-LS-20,iteration,percentage
0,0.1128233058611609,0.09312379652084071,0.09288442844938709,0.09297976960751579,0.09761052476700452,0.09175594561751234,,0.11657428978279395,0.09128879502277172,0.09919351724360398,0.10720329268325648,0.09433201967697821,0.09371120101259191,0.11392451589929779,,0.15210148831170317,0.0911923710574466,0.09141513457562672,0.08459255754489903,0.08455767158149166,0,0.1
0,0.105024903267088,0.08964622223093287,0.08937364105645715,0.08951188103076414,0.09287299327093217,0.09022378990243324,,0.12191975148892674,0.09230457782086568,0.09913068655639684,0.10944531640961636,0.09475814642824056,0.09527088901172946,0.11220475925446508,,0.15313951091747405,0.09097891158993117,0.09084564705087637,0.0852568213659334,0.08522220732132572,1,0.1
0,0.11148753604089116,0.09441876874158024,0.0941814623064888,0.0943044749826067,0.09846553147616437,0.09505160541648737,,0.11651374004526904,0.0933629722742722,0.09831283228907206,0.10753789744876853,0.09552910708308897,0.09466375241722225,0.11627016824515869,,0.1524505373695773,0.09302180041149238,0.08830663193321907,0.08556731507580577,0.08553282668413668,2,0.1
0,0.10480023625398117,0.09025264081204198,0.09001545659040866,0.09012084597781436,0.09281576099251145,0.09039605074248437,,0.11756787813232841,0.09246235055677039,0.0999331631614332,0.10819246008376739,0.09556670107556403,0.09484861617147945,0.11537301840874152,,0.15347694502231773,0.09578315108997676,0.09014371023623846,0.08584491462715876,0.0858105378064986,3,0.1
0,0.10971135275582576,0.092460649336477,0.09220482369848217,0.0923243110844457,0.09630701721955075,0.09150665504771861,,0.11925250976203364,0.09202524781991671,0.09909476497103567,0.10993229518609596,0.09571101968636117,0.0947657650890533,0.11125398399115567,,0.15216687556917308,0.09190536153946542,0.08822738771762496,0.0858191465356704,0.08578204364135848,4,0.1
