,Pers,LS,Lasso,Ridge,LAD,NN,FA-greedy-LAD,FA-fixed-LS,FA-lin-fixed-LS,FA-greedy-LS,FA-fixed-NN,FA-lin-fixed-NN,FA-greedy-NN,FA-lin-greedy-NN,v2FA-lin-fixed-NN,FA-lin-greedy-LS-1,FA-lin-greedy-LS-2,FA-lin-greedy-LS-5,FA-lin-greedy-LS-10,FA-lin-greedy-LS-20,iteration,percentage
0,0.10031856684218876,0.09188996948228396,0.0917273475916209,0.0911151958111136,0.09764784352467909,0.08614700339101342,,0.1232203988361523,0.08588522495769763,0.09742882777345531,0.08922252095613453,0.08373630403902978,0.07026119009670119,0.07155635205837915,,0.12087723462290266,0.07846020342208683,0.080332734346846,0.07715503880338376,0.07678068157153804,0,0
0,0.08918896478006666,0.08130715853810033,0.08111543682103352,0.08058783373224702,0.08624365388460052,0.07796245752152878,,0.12128256150643903,0.08481504869577815,0.09389037795407136,0.08804705918867133,0.08142856058006982,0.07025212032171187,0.0695886578078803,,0.121043609686016,0.07359250404528253,0.0796879124941369,0.07486774153609055,0.0746835899472927,1,0
0,0.09662871414220145,0.0889586537662103,0.08877711811240337,0.08818494113481498,0.09379887523423955,0.08489797712075778,,0.12313145946603311,0.0880347936646999,0.09916240069973653,0.09275726277447521,0.0867186052476507,0.07319091124345006,0.07430200951782394,,0.12218510984120089,0.07858622877911904,0.08289278016410043,0.07915130241378358,0.07881583636132906,2,0
0,0.10300799939308114,0.0938365677145174,0.09366755979672298,0.09307283562090839,0.09990825919858373,0.08816393929884754,,0.12374592760852894,0.0837627016364644,0.0939413978676938,0.08993780984361824,0.08140396295847481,0.07029997511696351,0.07022219544212091,,0.12148417599808384,0.07498627431000707,0.077586638858546,0.07484359006955373,0.07491700818803557,3,0
0,0.10523367851398471,0.09630193328236232,0.09613770805247324,0.09558458171751714,0.10222916826906546,0.08967505991802178,,0.12333170968238022,0.08918274652516783,0.09871352545772058,0.09047248925574382,0.0864581354331183,0.0727268900398684,0.07204953264718177,,0.12421429317466924,0.07667155099264825,0.08210052412951521,0.07898239412411351,0.07898300583248834,4,0
