,Pers,LS,Lasso,Ridge,LAD,NN,FA-greedy-LAD,FA-fixed-LS,FA-lin-fixed-LS,FA-greedy-LS,FA-fixed-NN,FA-lin-fixed-NN,FA-greedy-NN,FA-lin-greedy-NN,FA-lin-greedy-LS-10,iteration,percentage
0,0.09025806360429033,0.08252721467486146,0.08235719474948959,0.08185795610665932,0.08708083387810739,0.0796739959319667,,0.12365988148058597,0.08353469573242327,0.09738983023538683,0.089371319691801,0.07947361922370323,0.07291463527949081,0.07897762365034844,0.07580913480463648,0,0
0,0.10421797848990405,0.09577112105289423,0.0955937404487751,0.09500507171755088,0.10151352945239231,0.09128031428890221,,0.12182933142893297,0.08941117515371612,0.0982879825003752,0.09337104435983867,0.08501396163903105,0.07206659321732392,0.0765526361370641,0.07972409734488918,1,0
0,0.09579139470036202,0.08790724980988626,0.08772709667123524,0.08716777862346103,0.09307285670852272,0.0834615202268922,,0.12106590405189939,0.08661202625353329,0.09655000108932783,0.08967713161206484,0.08256312338260513,0.0714665211876384,0.08069734613584441,0.0785166248754385,2,0
0,0.0884768479791714,0.08140857942933195,0.08119833049085257,0.08071868404007397,0.08578450111852064,0.07923784975412944,,0.11894082614230797,0.08687416236620006,0.09322493911511662,0.08850149034623973,0.0817715288436255,0.07005339839433078,0.07803587984061607,0.07556493029845454,3,0
0,0.10351827689508294,0.0948968168791008,0.09475033345939556,0.09419837110059301,0.1005398867546349,0.08939643802127796,,0.12803374442079138,0.09057761030249951,0.09880384443980589,0.09294644737936336,0.0846186754971812,0.07292445018273055,0.08423722416348256,0.0806490614772624,4,0
