,Pers,LS,Lasso,Ridge,LAD,NN,FA-greedy-LAD,FA-fixed-LS,FA-lin-fixed-LS,FA-greedy-LS,FA-fixed-NN,FA-lin-fixed-NN,FA-greedy-NN,FA-lin-greedy-NN,v2FA-lin-fixed-NN,FA-lin-greedy-LS-1,FA-lin-greedy-LS-2,FA-lin-greedy-LS-5,FA-lin-greedy-LS-10,FA-lin-greedy-LS-20,iteration,percentage
0,0.09027456020943461,0.08251054811741605,0.08232941561424688,0.08178756432820083,0.08769160518622772,0.07906266874421479,,0.12277887886291193,0.0835620184507722,0.09378077934459118,0.08869590215706952,0.08125320714096991,0.06861085875158446,0.06941443753493436,,0.12115295707998533,0.07548220374413979,0.07628583995649707,0.07470795748541789,0.07434947795326159,0,0
0,0.09750201733147815,0.08950959081531218,0.08933504875084232,0.08881950282712446,0.09469804869717215,0.08479984303258094,,0.1196446668290145,0.08458220852010048,0.09450660514722913,0.08798528455005421,0.08358569705586581,0.06998774054129613,0.07033637483936638,,0.12171431205810308,0.07643301269620786,0.08027487016014803,0.07643190498515759,0.07603292793718315,1,0
0,0.12028100875638141,0.11055964794689899,0.11038698163298442,0.10959701671087685,0.11769106958012593,0.10162325800635735,,0.12889105339385962,0.09231686183018364,0.09883665396593304,0.09338921505046341,0.08930669482926142,0.07334801410885426,0.07401592874347367,,0.12536168197050512,0.08305596236472329,0.08290541986522257,0.08088078440661257,0.08055288874534162,2,0
0,0.08729350595632339,0.08029613263508784,0.08012065148484905,0.07964509028499223,0.08477879354368531,0.07806962800855961,,0.12054716339219418,0.08501370640705774,0.09623559560989256,0.08907509096514975,0.08374566978255989,0.07174455220477569,0.07086905709403195,,0.12325745425117904,0.07748127798605213,0.08211820938597829,0.07685528916969024,0.07675267800139847,3,0
0,0.10048872388731914,0.09199038906986032,0.0918252873791859,0.09131816134145057,0.0974427181073332,0.08558281701874676,,0.12265107476283481,0.08533341270110377,0.09682420793871757,0.0882164414366844,0.0836232695001831,0.07090658463438365,0.06995651879150246,,0.1200095062882701,0.07646605249005525,0.08068739134530566,0.07809497559655719,0.07803435998646042,4,0
