,Pers,LS,Lasso,Ridge,LAD,NN,FA-greedy-LAD,FA-fixed-LS,FA-lin-fixed-LS,FA-greedy-LS,FA-fixed-NN,FA-lin-fixed-NN,FA-greedy-NN,FA-lin-greedy-NN,v2FA-lin-fixed-NN,FA-lin-greedy-LS-1,FA-lin-greedy-LS-2,FA-lin-greedy-LS-5,FA-lin-greedy-LS-10,FA-lin-greedy-LS-20,iteration,percentage
0,0.04698218014516779,0.046026805587386664,0.04579851485744243,0.04562225967503148,0.044141607305050935,0.046582639956943575,,0.09511734137508765,0.05561152740315592,0.06011526226675813,0.05949676977537823,0.055205843069962325,0.04215774295414031,0.04549041932437026,,0.08837202072020463,0.047355120039813084,0.05145159269125469,0.05021906297088387,0.05011698945173231,0,0
0,0.043689604031209237,0.0431202540624235,0.04285650341524553,0.04269435904485004,0.04083549212689377,0.04386808283890341,,0.09434102889029582,0.055970082386067446,0.05747186937186681,0.05871877266529578,0.054094727394320745,0.0414903410674863,0.044294310240349674,,0.08995815034773294,0.04529286178803594,0.05016813772801913,0.04867953416812136,0.04863415843066401,1,0
0,0.046253458207237516,0.04574166115769341,0.04549216783984046,0.04527610623431584,0.04351329345834897,0.04633554340352397,,0.09512566350490179,0.05681429015985954,0.06086674206573674,0.06064903136931056,0.05636056650473389,0.043356233656453705,0.046358759483963737,,0.089190061468752,0.047502379743673,0.05235679775437454,0.05115679604807541,0.051038202586888466,2,0
0,0.047814399994782944,0.04677102328000548,0.04652473196920923,0.046365318089695746,0.04500696929854483,0.047243117695966855,,0.09527706614507232,0.055236975943762624,0.05783722280172053,0.05977507755653872,0.0540393292694982,0.04196263871360496,0.04447645459351459,,0.08975919969795511,0.04586355575614367,0.049729890831323606,0.048731041876646876,0.04874554487372899,3,0
0,0.04846755256383778,0.047477069459044646,0.04723508889195657,0.047032454680294294,0.04580738211125816,0.047198394428362045,,0.09411758966601462,0.057444106828139,0.06105963570791408,0.060041061917247014,0.056379448001200046,0.042846856048515757,0.04535772784295738,,0.0911125321217091,0.046801801873359666,0.052166652078748404,0.051075956005900466,0.05105608923371649,4,0
