,Pers,LS,Lasso,Ridge,LAD,NN,FA-greedy-LAD,FA-fixed-LS,FA-lin-fixed-LS,FA-greedy-LS,FA-fixed-NN,FA-lin-fixed-NN,FA-greedy-NN,FA-lin-greedy-NN,v2FA-lin-fixed-NN,FA-lin-greedy-LS-1,FA-lin-greedy-LS-2,FA-lin-greedy-LS-5,FA-lin-greedy-LS-10,FA-lin-greedy-LS-20,iteration,percentage
0,0.044414166479726847,0.04376647456163928,0.04353744871966904,0.04336560730645748,0.041838529262966266,0.04476341791421477,,0.09586444261012984,0.05501377512102625,0.05770567277986023,0.05952640946376172,0.05435876306054882,0.040976179726686,0.04431696780134685,,0.09035309709487244,0.046292192629038935,0.049647669917410805,0.04899374181188356,0.04888803512685069,0,0
0,0.04558393414429684,0.04495122915086163,0.04470512840653394,0.04455185891743566,0.04273729740840376,0.04550113345541075,,0.0937771349721421,0.05546040125111124,0.05803489610943096,0.0588095732749491,0.05475001564238233,0.041791124918031386,0.044511472232374796,,0.09043061932534359,0.04676833352376382,0.05076061165493468,0.049500398529766745,0.049389242238938764,1,0
0,0.052995347804014846,0.05198557207224439,0.0517204711221669,0.051405483524178903,0.050495496177374824,0.05149370177052801,,0.09755369699919839,0.057897286225578604,0.06105135672348378,0.0610816428558871,0.05768847078858207,0.04329237084143673,0.046380018115388055,,0.09148971915884693,0.049138259561329806,0.05266633338405602,0.05178919696183621,0.051673028424562034,2,0
0,0.043581897831216326,0.04304531303660144,0.042800707748726574,0.04266134842327201,0.04095287366770315,0.044235996957042584,,0.09384895627524534,0.055314885405379835,0.05916428336803671,0.059325710182510316,0.0545880697753998,0.04235268983540157,0.04489378117942078,,0.09068779779772278,0.0461956759776192,0.0513624343148303,0.04986916312395308,0.04982620386989852,3,0
0,0.04636070211176884,0.04540690726916234,0.04516030817594671,0.045026570038000494,0.04339865526236362,0.04574205057347779,,0.09437828650087104,0.055462932831064765,0.05931361176574484,0.05890179704551267,0.05475271304418683,0.0418947138687412,0.04440095341717682,,0.0878537500666894,0.04632833479809416,0.05116545708431967,0.05031231998046443,0.05029399651384182,4,0
