,Pers,LS,Lasso,Ridge,LAD,NN,FA-greedy-LAD,FA-fixed-LS,FA-lin-fixed-LS,FA-greedy-LS,FA-fixed-NN,FA-lin-fixed-NN,FA-greedy-NN,FA-lin-greedy-NN,FA-lin-greedy-LS-10,iteration,percentage
0,0.04438505795403512,0.04364141704850052,0.04340851273893336,0.04327770658375613,0.04135553596791927,0.04462662352982741,,0.09617857767497807,0.05484874296998754,0.05982826447439042,0.06016599331676713,0.052424483869746366,0.042961588937265364,0.048830407231172775,0.04977769957912716,0,0
0,0.04796393079114756,0.04726384975905168,0.047006598055681886,0.04681955198025695,0.045382277416605714,0.04780357392504136,,0.0943900036844361,0.057607867406766954,0.060159826276302696,0.06101275799509908,0.054983814456897304,0.0424957210646252,0.048588448144482516,0.051008976874229714,1,0
0,0.04521856207961662,0.04461833277232897,0.04437313810542375,0.044151636072661,0.042548179221581175,0.045324655068139784,,0.09463428760348516,0.05662864599244542,0.059276528214743135,0.059884175013771364,0.054118330115446305,0.04275253046846635,0.04996787238771101,0.05037879240889148,2,0
0,0.04389284702837662,0.04354566565408669,0.04329010220864689,0.04313308649882369,0.04131029954148924,0.04444095218325506,,0.09280161505848492,0.057005695879464566,0.05717565134662052,0.05937382763963567,0.05382415983420363,0.041689630251096704,0.049200164551502286,0.04896017255763659,3,0
0,0.04933128761572782,0.04844173847941206,0.048191235850685,0.047992763989059245,0.04654111690882684,0.048228752710988164,,0.09788945806152949,0.05834281257805438,0.06142291831722865,0.06217257494569545,0.054668168251118844,0.04314535453062266,0.05207637512366006,0.05206977069117323,4,0
