,Pers,LS,Lasso,Ridge,LAD,NN,FA-greedy-LAD,FA-fixed-LS,FA-lin-fixed-LS,FA-greedy-LS,FA-fixed-NN,FA-lin-fixed-NN,FA-greedy-NN,FA-lin-greedy-NN,v2FA-lin-fixed-NN,FA-lin-greedy-LS-1,FA-lin-greedy-LS-2,FA-lin-greedy-LS-5,FA-lin-greedy-LS-10,FA-lin-greedy-LS-20,iteration,percentage
0,0.17455268546495964,0.14757742194144025,0.14744922734735405,0.14748520714905575,0.15746080173802793,0.1437351857590255,,0.1818655236126315,0.1506104522749694,0.15958124631709095,0.15812030422590365,0.14584974192617448,0.15553067527733427,0.15762306094241807,,0.16351553715252226,0.14438798805898173,0.1427551498646029,0.142185447636745,0.14208788370642791,0,0
0,0.17165761965510143,0.14661657461840635,0.1464626415792934,0.1465073121095511,0.1552779734759298,0.1434117892618025,,0.1809183044846969,0.15207105824514563,0.1605627739226813,0.15899735853347047,0.1476831685978874,0.15709656816096387,0.15947841606980867,,0.16361782167221312,0.14605344206593898,0.1445662965304646,0.14382939707658718,0.14373462856166713,1,0
0,0.17881425349180372,0.15072779756709775,0.15058712822673484,0.15062387033593658,0.16108731585915037,0.14574180989278213,,0.17966095237253754,0.15251112360914015,0.16184415055483353,0.1574463231735541,0.14739451584133736,0.1575806945989896,0.16009627647970642,,0.1651236246989549,0.14933847718181067,0.1463896003167099,0.1446463426627382,0.1446532827071177,2,0
0,0.18290328736611286,0.1532057989092804,0.1530480138629554,0.1530950289070522,0.1653485728441387,0.14431783028963951,,0.18437805793483156,0.15290172084851755,0.16153525701025168,0.15758463217587876,0.14711466926192318,0.15604365545629575,0.16020544903608094,,0.164392108127143,0.1461238626941441,0.14497115339479197,0.1446208598185237,0.144526624008521,3,0
0,0.17072146209198913,0.14590754715291543,0.1457768218293023,0.1458154483745262,0.15435441781034984,0.1443390292230895,,0.18149357892811174,0.15256629763202692,0.16093670859882203,0.1584506337385384,0.1470683495813388,0.15686285527352292,0.15966068119038432,,0.16498864481214226,0.1464032360614977,0.14590313900312282,0.14395532110837517,0.1438606355462162,4,0
