,Pers,LS,Lasso,Ridge,LAD,NN,FA-greedy-LAD,FA-fixed-LS,FA-lin-fixed-LS,FA-greedy-LS,FA-fixed-NN,FA-lin-fixed-NN,FA-greedy-NN,FA-lin-greedy-NN,v2FA-lin-fixed-NN,FA-lin-greedy-LS-1,FA-lin-greedy-LS-2,FA-lin-greedy-LS-5,FA-lin-greedy-LS-10,FA-lin-greedy-LS-20,iteration,percentage
0,0.06889010715071034,0.06845678800494079,0.06825060040489479,0.0679382264656638,0.06445419588842063,0.06691600259092773,,0.11428930217553154,0.07488927220015656,0.0828794051308843,0.08185622204809681,0.07533244227349903,0.0667183529002188,0.07876327790877764,,0.11641845112465005,0.06854890158233362,0.07304798402763213,0.07244462579991545,0.07241234457245918,0,0
0,0.06764235398249185,0.067846731238827,0.06764075059442008,0.06729987449828204,0.06353160515541262,0.06615646369380435,,0.11404895090114305,0.074523306809458,0.08315293213591647,0.08031199172811475,0.07332481317509552,0.06617677121587606,0.07750351336863039,,0.11406901390837176,0.06770747416646077,0.07292374598354925,0.07215211411028642,0.07209356491075457,1,0
0,0.06920881927963186,0.06844075457097687,0.06824778161072961,0.06796723783700967,0.06466221618210236,0.06679417295364652,,0.11258969504242526,0.07377500086875517,0.08293210165145297,0.08003843009937954,0.0728204876442248,0.0659296535905807,0.07728648291456267,,0.11211011710976124,0.06810050979964893,0.07253677954505099,0.07176172518332324,0.07173408797412542,2,0
0,0.06787175219591793,0.06787099881217191,0.06764976420617966,0.06730399042687776,0.06352087892329612,0.06632452590046219,,0.11154085632737767,0.07415862047560894,0.08229995788445879,0.07863489517444885,0.07355699845638915,0.0656634669244134,0.07830871527466336,,0.11238994762370351,0.06746181253368297,0.07221562441903363,0.0715666008525894,0.07153798694422797,3,0
0,0.06826214937899704,0.06783372876255593,0.06763818399548815,0.06735523883095303,0.06373239188884067,0.06760515095481615,,0.11314221926068352,0.07292084683914328,0.08230624826601361,0.07850455836942097,0.07217596424868021,0.06602319205328215,0.07769129804015723,,0.11336184738239766,0.06777994307082337,0.0717237021390431,0.07121602185596289,0.07115686561994962,4,0
