,Pers,LS,Lasso,Ridge,LAD,NN,FA-greedy-LAD,FA-fixed-LS,FA-lin-fixed-LS,FA-greedy-LS,FA-lin-greedy-LS-1,FA-lin-greedy-LS-2,FA-lin-greedy-LS-5,FA-lin-greedy-LS-10,FA-lin-greedy-LS-25,FA-fixed-NN,FA-lin-fixed-NN,FA-greedy-NN,FA-lin-greedy-NN,iteration,percentage
0,0.11331946098216372,0.09011677001211735,0.09012276111528908,0.08962322065833032,0.09161740464447006,0.08852223500895404,0.08560146778260806,0.08840757677703939,0.08588467503910162,0.0976440629953844,0.10921692468072594,0.10440551240597049,0.08207712025795881,0.07740070981312702,0.07632235149558299,0.08732989371167472,0.08891033440290516,0.09478671219105902,0.08797055196234557,0,0
0,0.10950990046718177,0.08738622796978218,0.08736179644417301,0.0870560206088304,0.08885402030299532,0.0870404240634509,0.08702914099281352,0.08906976302021671,0.08623354526321218,0.10135572694118332,0.11154534832533702,0.1100622814438561,0.08496417355535447,0.07896446069095213,0.0771586903474806,0.08814783007219158,0.08990067997849627,0.0983562330302356,0.09070490991944598,1,0
0,0.11658446646239203,0.09100879239986823,0.09100447389168251,0.09037212988727242,0.09248283161022954,0.08883409411882327,0.08565144872493521,0.09016991067421959,0.08661713858444636,0.09816695124309345,0.11009757848475211,0.10703707162622793,0.0845386824236019,0.07776859163574475,0.07653400134978033,0.0881607971614055,0.0906886345702447,0.09641499752056679,0.08947437078615675,2,0
0,0.11415315169308594,0.08919484611167978,0.08918746413562463,0.08859094143790446,0.09059766504700933,0.0866211742308495,0.08689388043715073,0.09135087842924572,0.0858251875047678,0.10124765356538344,0.11164092144289273,0.10962473508439825,0.08499418175147187,0.07999132688281692,0.07768243365500098,0.08871650841522687,0.09021271853095568,0.0981077607199146,0.0902921861819024,3,0
0,0.11256052351967162,0.08889969384397749,0.0888899983306778,0.088503992170706,0.09046995291277433,0.0881688906327676,0.08607406901457058,0.0905189953809402,0.08715622629873146,0.10021327873451756,0.10945493597665507,0.10767576210336252,0.08332199627351494,0.0776315017423878,0.07670918432025166,0.08820324757028931,0.08955305483448062,0.0981495072592184,0.08788399814910466,4,0
