,Pers,LS,Lasso,Ridge,LAD,NN,FA-greedy-LAD,FA-fixed-LS,FA-lin-fixed-LS,FA-greedy-LS,FA-lin-greedy-LS-1,FA-lin-greedy-LS-2,FA-lin-greedy-LS-5,FA-lin-greedy-LS-10,FA-lin-greedy-LS-25,FA-fixed-NN,FA-lin-fixed-NN,FA-greedy-NN,FA-lin-greedy-NN,iteration,percentage
0,0.19418366073953403,0.1543140946672228,0.15469365072487945,0.1544549011196652,0.1539304973427906,0.15721570940110224,0.17259116918630588,0.1540917132285997,0.15907677649884935,0.17326877066686508,0.1627440002890008,0.15662250607692788,0.15466841289269678,0.1537062556022834,0.15363519709333573,0.153335389990962,0.1649451180519849,0.17404319595421858,0.15952515908703296,0,0
0,0.18848281251951993,0.15475100383494317,0.15513231039313663,0.15472483799394138,0.15447772491322284,0.1578275897199323,0.17297931387729137,0.15512408813854967,0.16007373920095108,0.17364067166034694,0.16046310179142406,0.15724963639668282,0.15573814298796534,0.15437881456612934,0.1543312883500901,0.15369762260143985,0.16430916293635422,0.17294418579833457,0.16092500023511058,1,0
0,0.19148568822702183,0.1553236073889054,0.15561893860042836,0.15516844525405832,0.15464476180568373,0.15716181739635554,0.17171403125706702,0.15550703998657558,0.15769573819343047,0.17678090147003248,0.1612647883530131,0.15669972225676193,0.15594990670368056,0.1552022067569958,0.15509365138029602,0.15358875087151797,0.16471021371675984,0.174240579101474,0.15979420502162017,2,0
0,0.19248226231494217,0.15537367704742505,0.15568913718702904,0.1553785115167256,0.15485132701456752,0.15780118834130147,0.17339486594927686,0.15539259332072705,0.1590612278284814,0.17181362227699212,0.16170122432655357,0.15707019731231237,0.15406725939798482,0.15292764178471102,0.15290653149168323,0.15509836177014188,0.16457350556566644,0.1753739745234856,0.1619500840245376,3,0
0,0.1905642736693819,0.15446807125926412,0.1548725350392139,0.15438504272733072,0.15431467332899154,0.15706004621178446,0.17308079327527987,0.15348573125238998,0.1570866321871538,0.17415751469368915,0.16122320477176869,0.1571111039424302,0.15419064154210418,0.15327124456093622,0.15324225136387468,0.15260166618947885,0.1630770310320879,0.1730778220161347,0.16018171932934339,4,0
