,Pers,LS,Lasso,Ridge,LAD,NN,FA-greedy-LAD,FA-fixed-LS,FA-lin-fixed-LS,FA-greedy-LS,FA-lin-greedy-LS-1,FA-lin-greedy-LS-2,FA-lin-greedy-LS-5,FA-lin-greedy-LS-10,FA-lin-greedy-LS-25,FA-fixed-NN,FA-lin-fixed-NN,FA-greedy-NN,FA-lin-greedy-NN,iteration,percentage
0,0.06551055202675249,0.05510455133073615,0.055080272799997346,0.054994080509737725,0.05506974040364809,0.055834430050277446,0.054573750954174126,0.06121543423931223,0.057169935460858655,0.06392596421329703,0.07035337591950278,0.060553394741665316,0.0528039932030624,0.05074763813756396,0.050438843074976245,0.05937087068402584,0.05936538198187653,0.0638432367333639,0.05801262530530851,0,0
0,0.06435891168331992,0.054448794635841284,0.0544237162256055,0.05438974285682973,0.05440039229866856,0.05552620216950582,0.05549706557209814,0.06157184150681587,0.057025776178595666,0.06586181477884394,0.07190659958423559,0.06254659181677535,0.05349589656030661,0.05139597698462814,0.050764961361115656,0.06007390923961694,0.05957522406788821,0.06567028256554946,0.05878751717662197,1,0
0,0.06655608212463085,0.055612029592734855,0.05557851810439284,0.05548412563245453,0.055591259777310914,0.05626438157793517,0.054764494906744676,0.061747895728411675,0.05686774442369724,0.06430379494911462,0.07097395670024885,0.06176669874270565,0.053590081972720534,0.050817536507387955,0.05040719567636945,0.05980244107533175,0.05987435571606013,0.06467799267106626,0.058552272103623175,2,0
0,0.06625028583269615,0.05522675504855068,0.05519753129905419,0.05513226500415449,0.05527672302528276,0.05576683235784798,0.055026556358222685,0.06279926648116148,0.05680621032879463,0.06512350482562804,0.07123865991573129,0.06218911347370013,0.053240854593461714,0.051216066548732744,0.050699783687424116,0.060125560292167056,0.059357911410163014,0.0652038158917869,0.05857792229372302,3,0
0,0.06594144398421138,0.055201195757987695,0.05517709336040098,0.05512490272284712,0.055283701796286784,0.05624426162128691,0.054909983046989554,0.06240955342790143,0.05775272171574335,0.06485550437220589,0.07080971218242899,0.062088918770793235,0.05326340594013164,0.050911287368417955,0.05071501139619921,0.060308904439158824,0.059521092883194474,0.06532810069066954,0.057953941861783265,4,0
