,Pers,LS,Lasso,Ridge,LAD,NN,FA-greedy-LAD,FA-fixed-LS,FA-lin-fixed-LS,FA-greedy-LS,FA-lin-greedy-LS-1,FA-lin-greedy-LS-2,FA-lin-greedy-LS-5,FA-lin-greedy-LS-10,FA-lin-greedy-LS-25,FA-fixed-NN,FA-lin-fixed-NN,FA-greedy-NN,FA-lin-greedy-NN,iteration,percentage
0,0.13268572026263933,0.11456166868814413,0.11496576470457415,0.11493447022620046,0.10969982619334132,0.11736983243845882,0.11637101775201333,0.1097403550181816,0.11235749184248157,0.1230038070611194,0.11444420252119258,0.1104639580264703,0.10885328556326633,0.10831482527192272,0.10825696443406062,0.10913475316593173,0.11661215775204177,0.12716468841850714,0.11594573729584479,0,0
0,0.12777889391389805,0.11398812375018576,0.11444892711094062,0.1143011950520486,0.10892069367010011,0.11710326578229066,0.11608349275225661,0.110298805459737,0.11245522858323996,0.12324953694929466,0.11285817421719838,0.1101484279559802,0.10900735991286634,0.10852168749056913,0.10849302513167396,0.10899976538175826,0.11653599346351723,0.12584996231067005,0.11666713163655898,1,0
0,0.1298806653687725,0.11418282667020699,0.1145354317535032,0.11440005560460222,0.10902975319859866,0.11609426334544458,0.11514140706303203,0.11046209454567787,0.11116632828107455,0.12491548927558592,0.1127527693301333,0.10983077239126782,0.1091056097031942,0.10872072223816627,0.10866769027933186,0.10898790395493003,0.11678905455082264,0.12754209652540696,0.11588791073804526,2,0
0,0.12968512483841102,0.11386861915308234,0.11432523372763728,0.11433940417914726,0.10895379846282433,0.11677733959979286,0.11687102807317715,0.11005355107610863,0.1118294882737315,0.12213560114783865,0.11343856466135227,0.11013976194332283,0.10812803853485722,0.10747439172341205,0.10745501469354708,0.10968444822195646,0.11693979778170424,0.12817010455426786,0.11679780070909485,3,0
0,0.12870752310985326,0.11357846211086858,0.11407275621529606,0.11394902341987391,0.10884175727446423,0.11661533135758219,0.11678477246426068,0.10905525934848045,0.11063009418976909,0.12367394477727234,0.1132700375593009,0.11076058494853594,0.10838976092415449,0.10768655741471232,0.10765524795328008,0.10819153403296171,0.11588547182635402,0.12610172726068744,0.11586949233438928,4,0
