,Pers,LS,Lasso,Ridge,LAD,NN,FA-greedy-LAD,FA-fixed-LS,FA-lin-fixed-LS,FA-greedy-LS,FA-lin-greedy-LS-1,FA-lin-greedy-LS-2,FA-lin-greedy-LS-5,FA-lin-greedy-LS-10,FA-lin-greedy-LS-25,FA-fixed-NN,FA-lin-fixed-NN,FA-greedy-NN,FA-lin-greedy-NN,iteration,percentage
0,0.10080196483353435,0.08366465412322902,0.08414743930743784,0.0840373597299446,0.08173763376038792,0.08254282092902931,0.08224834425190405,0.07994120290002209,0.0817463034258882,0.08434177481958054,0.08772366688356756,0.07810492582237527,0.07557066614677843,0.07396779028588157,0.07394081954545717,0.07892216396540411,0.08548628563501502,0.08254434984498056,0.07838226188926424,0,0
0,0.10247219166270638,0.08390528676265122,0.0844329342713043,0.08440428378997092,0.08191870483375065,0.08403191966751254,0.08152665272972914,0.08046036401615357,0.08198564619662345,0.0834805172976797,0.08696467614374824,0.07855383269372572,0.07534224091443001,0.07379127578799421,0.0737320503370529,0.07935191798606649,0.08679789418779164,0.08244152305899394,0.07883612375180908,1,0
0,0.1007032055787667,0.08462774742570887,0.08510146503531142,0.08474405905085634,0.0825292994830531,0.08380061188650528,0.08227175885731378,0.08024104387154715,0.08197522660232513,0.08428806512998416,0.08791484135421077,0.07863769789221643,0.07533863436678755,0.07416615490456903,0.0740862466265687,0.07920386327692323,0.08688518980966661,0.08298586469849822,0.07904394221421891,2,0
0,0.10320001629894134,0.08452203541446643,0.0849721229417234,0.0843998275519157,0.08252208254927462,0.08357361065892603,0.0823894021322396,0.08033108239547883,0.08144695541424307,0.08441652144520576,0.08714396505279486,0.0788005601553576,0.07533554604442419,0.07406650689559793,0.07405874372263534,0.07877003499071569,0.0864715801246153,0.0821705269039386,0.07834670483618476,3,0
0,0.10161130522863819,0.08404416796528216,0.08449703314550619,0.08429692867016426,0.08191839491919123,0.08337162239014796,0.08219840758649338,0.08005356539611308,0.08219686500282505,0.08428518662502843,0.08756361592031443,0.07767648993325475,0.07521943458261385,0.07428251503252643,0.0741647799093486,0.0792117621897854,0.08677666920962389,0.08276935990203757,0.07862815352690138,4,0
