,Pers,LS,Lasso,Ridge,LAD,NN,FA-greedy-LAD,FA-fixed-LS,FA-lin-fixed-LS,FA-greedy-LS,FA-lin-greedy-LS-1,FA-lin-greedy-LS-2,FA-lin-greedy-LS-5,FA-lin-greedy-LS-10,FA-lin-greedy-LS-25,FA-fixed-NN,FA-lin-fixed-NN,FA-greedy-NN,FA-lin-greedy-NN,iteration,percentage
0,0.15527470670912535,0.11821769503646884,0.11872677205501003,0.11799297688896775,0.11853541915217743,0.11737032454416374,0.12718697441439453,0.11780076059717322,0.121481783263242,0.12439194486193057,0.132222359588164,0.1168198371433724,0.11409567260449001,0.1109032650458952,0.11084302662536777,0.11706621650598208,0.1276853071786777,0.12131581659195748,0.11633209012035367,0,0
0,0.15740693535787248,0.11803165636678399,0.11859499270889169,0.11792720987934383,0.118288170852689,0.11887521016337044,0.12575210218054356,0.11811804091933191,0.12085476915636248,0.12301488800657766,0.129923206243585,0.11701421734672454,0.11271470877661288,0.10981894301329084,0.10971879938700024,0.11723966301684408,0.13002368491043348,0.12077844203939438,0.11667185088748953,1,0
0,0.15503579272882695,0.12013912290033339,0.12059919150075249,0.11939500828156444,0.12008969342121302,0.11945328768736836,0.12702887646897823,0.11783874595336226,0.12172908709474045,0.124099558498203,0.13257156665189931,0.11779373785375301,0.11282710372996277,0.11056027079857988,0.11042730443888683,0.11695801934702409,0.12903922143628485,0.12213645450141844,0.11721978405916973,2,0
0,0.1593044899977877,0.11955686787909038,0.11997477219855797,0.11873407287891963,0.11990159785404085,0.11849374874198633,0.12696263453796156,0.11811890197937305,0.1212790078478258,0.1241393658058401,0.13061645719491363,0.11760664584672535,0.11369049230632004,0.11079572891983042,0.11084271403960153,0.11639163137239349,0.12852888371121138,0.12047841742522951,0.11656876261136509,3,0
0,0.15681455178756906,0.11873325724114611,0.11915545433143607,0.11818918884574368,0.11867701540565301,0.11801297131777015,0.1273826433125579,0.11760180620013833,0.12323227404466851,0.12451513214491103,0.13199398411511662,0.11614274579894555,0.11251538777451321,0.11110534125462998,0.11091034404359901,0.11710165223184561,0.1291205829036431,0.12188385964852318,0.11698787433759124,4,0
