,Pers,LS,Lasso,Ridge,LAD,NN,FA-greedy-LAD,FA-fixed-LS,FA-lin-fixed-LS,FA-greedy-LS,FA-lin-greedy-LS-1,FA-lin-greedy-LS-2,FA-lin-greedy-LS-5,FA-lin-greedy-LS-10,FA-lin-greedy-LS-25,FA-fixed-NN,FA-lin-fixed-NN,FA-greedy-NN,FA-lin-greedy-NN,iteration,percentage
0,0.13814504316897097,0.10548386256497913,0.1054661142795715,0.10441334835179038,0.10670293624068815,0.10043805720116943,0.09166580902069403,0.09895136323950834,0.09934544413587881,0.0898865577074716,0.1279781230183565,0.09592853673614075,0.09065853976972946,0.0819023908515441,0.08100693181029452,0.09634460120790973,0.10238601885013646,0.08929877853015447,0.09083273293146524,0,0
0,0.13043208133142054,0.1019786940234736,0.10196511064112491,0.1011783772583704,0.10299040065567491,0.09859495285385556,0.09390096162375311,0.09899034420694125,0.09768525822331363,0.09159241926293887,0.12872570226275853,0.09671882143943572,0.09045068802963208,0.08237107376991301,0.08167141699508701,0.09644976425800064,0.10266387253284766,0.09036115909875055,0.09101759553755841,1,0
0,0.13298609943996859,0.10456010649460165,0.10455576754722062,0.10365669142924606,0.10553956128173533,0.10033535916774827,0.09200712041568375,0.098654203530405,0.09766780398722977,0.08993926462132665,0.1294495069023479,0.09408691500998703,0.08972891667763166,0.08160461831216775,0.08125300651400136,0.0959357555464244,0.10497275324294476,0.08940020065421078,0.09061978022595436,2,0
0,0.13928939331850348,0.1063590337433452,0.10634788105577755,0.10525940712046637,0.10778626356409028,0.10008357248793794,0.09388714716368379,0.09929831652045328,0.09675082531141503,0.09213904071651792,0.12842318307176556,0.0946536467097421,0.09168121827901064,0.08284632627620454,0.08196765595306614,0.09581485779968626,0.10302858466751874,0.08995514588159838,0.09191933824389306,3,0
0,0.14004081040371788,0.10660322003763985,0.10661239995292435,0.10541109749006451,0.10785178786792028,0.10023388548816371,0.09281483962694853,0.0988371545929225,0.09943909604427908,0.09085102513689437,0.1273187662397798,0.09746509599347201,0.09029226750908015,0.08245519958364655,0.08179314246701429,0.09624116258270997,0.10385717052102224,0.0894267714901844,0.09182086959154931,4,0
