,Pers,LS,Lasso,Ridge,LAD,NN,FA-greedy-LAD,FA-fixed-LS,FA-lin-fixed-LS,FA-greedy-LS,FA-lin-greedy-LS-1,FA-lin-greedy-LS-2,FA-lin-greedy-LS-5,FA-lin-greedy-LS-10,FA-lin-greedy-LS-25,FA-fixed-NN,FA-lin-fixed-NN,FA-greedy-NN,FA-lin-greedy-NN,iteration,percentage
0,0.08254127694037963,0.06900631779641282,0.06898020543521467,0.06869023401807202,0.06833415448735373,0.06823195090011698,0.05775754872389769,0.06449740959901742,0.06482872649495997,0.0581302161510894,0.0847751942946304,0.060108404538122884,0.056146679343126414,0.052579515343409634,0.05235183962161215,0.06332424483250043,0.06687657608482787,0.058412954825379435,0.060595733205688916,0,0
0,0.07920958542801379,0.06689087839641819,0.0668721400795238,0.06670270117269655,0.06634564837910924,0.06727544268652857,0.05851634159766507,0.06465854213376176,0.06346737621643193,0.058655170426998596,0.08447738769923285,0.06073447190295489,0.05628608538634632,0.052787536287348655,0.05262018180325283,0.06323438976403818,0.06659450097793007,0.0590502995509212,0.0604850729324084,1,0
0,0.08045654769476052,0.06841960203832816,0.06839330462057017,0.06816511505041642,0.06777163684352966,0.06816992109105183,0.05746020926147694,0.06439375228805656,0.06380476805746968,0.057729691981792036,0.08525901852669278,0.059318589336480265,0.0555321674305077,0.05247038209704095,0.05230121890310436,0.06291790922503591,0.06800210028393865,0.058162537854818785,0.06029093298441429,2,0
0,0.0830392221284968,0.06926027506750027,0.06923323363795753,0.06896449784754038,0.0688490137523691,0.06820497114756734,0.05893998785197905,0.064837769538705,0.06318719688079746,0.05935228924747908,0.0842784851109205,0.05983271499024168,0.05714667360753283,0.05331852459429432,0.05304850552230769,0.06276179866809768,0.06692757555126617,0.05911498640240862,0.061514174333710966,3,0
0,0.08409616942064732,0.06991937118383071,0.06989666642020617,0.06954498926070385,0.06945104112659234,0.06850134976508424,0.058296692978956975,0.06473313734974502,0.06469933419413852,0.05855266698493482,0.08371736212408956,0.06117649028465704,0.05617686964095001,0.05300338728953933,0.05278233542575824,0.06321881965962525,0.06774108335696392,0.05882520387846925,0.06092316472761267,4,0
