,Pers,LS,Lasso,Ridge,LAD,NN,FDRR-R,LinAdj-FDR,FinAd-LAD,FinAd-LS,iteration,percentage
0,0.057126548927389345,0.05304841600476028,0.053327658096137744,0.05305546447452649,0.05184958498926714,0.05317586194523102,0.06008042406356417,0.0578983780454073,0.051760513345232774,0.058871755008913756,0,0.01
0,0.056461311895689065,0.05239023724632031,0.05263932583988146,0.05239809253171602,0.05117086763687707,0.05259961911265496,0.060198235764006985,0.05712695364079948,0.05141688766328164,0.0584453828910717,1,0.01
