,Pers,LS,Lasso,Ridge,LAD,NN,FDRR-R,LinAdj-FDR,FinAd-LAD,FinAd-LS,iteration,percentage
0,0.11005913324880391,0.10494034425540476,0.10494741173851597,0.10563480952974923,0.09903304143451871,0.10599738883903283,0.10790352900121573,0.12659626089707254,0.10283950254448324,0.10283950254448324,0,0.005
0,0.10958584951342745,0.10470456923811078,0.10471479201265414,0.10542560887292624,0.09869740567000601,0.10593295883698615,0.10809234619557935,0.13332490958610432,0.1022168944243953,0.1022168944243953,1,0.005
